CHROM	POS	REF	ALT	AD_REF.W389	AD_ALT.W389	AD_REF.W400	AD_ALT.W400
1	31104	G	A	77	115	9	7
1	31410	A	C	112	125	13	10
1	40663	G	A	181	158	18	14
1	52322	C	A	54	70	6	2
1	73671	G	A	255	189	55	20
1	74017	G	A	254	169	48	12
1	82174	G	A	134	105	26	11
1	83228	C	A	92	79	12	12
1	83264	T	C	94	83	13	13
1	84317	C	T	100	100	24	7
1	85211	A	G	117	109	15	5
1	85278	A	T	122	100	19	8
1	87126	T	C	163	131	19	4
1	107180	G	A	132	125	31	12
1	109428	T	A	222	234	41	17
1	132074	T	A	269	132	29	22
1	136286	G	A	260	190	40	29
1	303924	C	T	116	142	4	30
1	698027	C	A	208	209	60	95
1	715530	T	C	158	215	23	35
1	732150	G	A	169	229	19	36
1	755389	A	G	226	180	28	10
1	758101	A	T	186	135	22	9
1	773113	C	A	214	218	49	25
1	807015	C	T	167	162	26	15
1	814587	T	C	239	196	46	26
1	844126	C	T	197	195	25	24
1	855001	C	T	202	241	35	23
2	23546	T	A	203	151	20	24
2	23946	T	C	219	135	20	22
2	40644	C	T	157	242	28	24
2	41909	A	C	133	189	23	23
2	55683	A	G	242	189	17	37
2	60284	T	G	202	170	33	24
2	65095	C	T	139	78	16	13
2	65932	G	T	154	96	14	10
2	98233	G	A	183	235	33	44
2	98242	T	A	192	232	36	42
2	98245	A	G	193	223	34	37
2	111770	A	G	215	214	43	38
2	113740	T	C	197	190	20	17
2	115723	C	A	153	144	18	19
2	129854	A	G	171	130	18	21
2	136116	G	A	199	213	17	40
2	146433	G	A	219	213	43	26
2	151591	A	G	216	169	31	25
2	159333	C	T	265	168	33	12
2	160241	G	A	291	171	70	37
2	161404	G	A	274	192	68	62
2	163139	T	C	277	184	153	80
2	163180	C	T	274	185	147	86
2	165521	T	A	243	199	81	46
2	166835	C	T	251	212	100	46
2	166888	T	C	260	189	115	39
2	167214	A	T	259	209	98	37
2	168270	C	T	241	223	105	41
2	168439	C	T	236	196	92	33
2	168473	T	C	225	185	81	34
2	172043	G	T	301	172	82	18
2	172561	T	A	268	34	105	8
2	173072	G	A	258	198	78	26
2	181477	G	A	216	215	26	23
2	181650	T	C	218	191	55	18
2	181854	C	T	205	206	36	19
2	182024	A	G	191	217	36	16
2	185029	T	C	189	184	38	18
2	186225	T	G	223	214	38	15
2	187750	A	G	233	188	49	9
2	189352	A	C	199	242	46	22
2	189948	T	C	190	263	85	29
2	195761	T	A	198	226	34	18
2	198179	T	C	206	200	36	15
2	198180	T	C	202	198	36	15
2	202948	A	G	191	200	31	17
2	229557	A	C	176	249	53	24
2	230196	T	C	180	277	39	27
2	232084	A	G	133	22	20	1
2	237046	A	G	177	120	30	16
2	237908	C	T	161	158	28	20
2	241490	C	T	134	147	16	14
2	249335	A	G	164	177	24	14
2	267621	A	T	194	163	33	20
2	282383	C	T	233	208	33	13
2	282713	T	C	222	193	23	21
2	283102	G	A	218	202	31	20
2	283330	G	A	218	180	23	11
2	283543	C	T	218	202	34	18
2	283672	T	C	237	219	29	12
2	287664	G	A	223	179	42	15
2	292951	G	T	196	153	26	6
2	296881	A	G	251	192	56	10
2	301577	A	G	142	117	23	11
2	304525	A	G	71	84	16	3
2	305137	G	A	83	62	15	4
2	327378	G	A	161	142	31	7
2	327578	C	T	167	145	29	8
2	336076	G	A	219	190	32	13
2	352109	G	A	133	147	19	8
2	356342	A	C	137	143	11	11
2	359393	T	C	136	133	10	8
2	365814	T	A	172	125	24	17
2	381947	A	G	163	204	23	13
2	386699	C	T	212	226	22	11
2	388085	A	C	152	182	18	13
2	398419	G	A	195	191	41	18
2	411698	C	A	171	120	31	16
2	411968	G	A	159	117	24	19
2	416247	T	G	194	175	31	19
2	423427	A	G	199	180	37	21
2	430031	T	C	190	218	29	17
2	463571	T	G	217	218	33	14
2	465440	T	C	204	144	13	4
2	545038	C	T	209	177	23	8
2	557007	A	G	185	147	29	10
2	561273	C	G	201	167	34	26
2	570663	G	A	223	199	28	32
2	577564	A	G	111	97	14	10
2	584178	T	A	175	158	26	20
2	585521	C	T	133	130	26	14
2	588254	G	C	210	242	54	28
2	589928	G	T	203	219	36	17
2	611546	C	T	186	191	32	16
2	620053	G	T	150	157	24	10
2	645307	G	A	128	124	12	16
2	654388	A	G	220	213	24	26
2	657007	A	T	133	114	60	38
2	657159	T	A	227	203	47	46
2	675350	A	G	197	227	27	10
2	681722	T	C	132	149	29	4
2	681862	A	G	142	165	21	9
2	685966	T	C	231	148	31	14
2	685967	C	T	234	154	33	14
2	686016	A	G	271	153	34	15
2	686144	G	T	248	128	37	12
2	686164	A	G	225	125	32	13
2	686168	A	G	224	124	29	14
2	703900	C	T	118	96	15	7
2	715999	C	A	138	175	31	16
2	746853	G	A	238	211	76	41
2	750166	G	A	201	259	79	46
2	785378	T	C	215	178	28	23
2	801683	G	T	192	226	19	28
2	801698	A	T	199	201	20	26
2	822759	T	A	140	89	10	9
2	867406	G	A	124	118	29	12
2	867690	C	A	147	155	37	5
2	868610	C	T	136	122	26	9
2	882846	A	G	84	71	12	6
2	915396	A	G	120	143	24	7
2	919021	G	A	103	133	17	5
2	927445	A	G	206	220	73	21
2	928068	T	C	216	229	71	38
3	7056	C	T	137	158	9	16
3	10626	A	T	207	218	25	19
3	15813	T	C	223	221	35	31
3	15997	G	A	194	225	24	35
3	16876	A	C	187	221	19	35
3	22643	T	C	131	159	12	24
3	23276	G	T	126	119	17	21
3	23846	T	A	128	146	9	13
3	26099	C	G	201	209	19	25
3	26125	A	G	223	209	18	25
3	27895	T	A	139	158	20	21
3	34627	G	A	207	229	29	25
3	36296	G	A	215	228	40	54
3	46834	A	T	200	195	35	21
3	50708	T	G	166	129	12	26
3	58804	C	A	132	107	16	25
3	76579	G	A	208	194	55	38
3	78940	T	A	127	125	21	14
3	89160	A	G	80	69	12	14
3	94523	A	G	221	155	25	19
3	94806	G	A	172	133	25	29
3	95613	G	C	173	149	28	26
3	96554	C	A	190	154	23	23
3	102291	C	T	216	167	21	19
3	103469	C	A	168	149	27	29
3	103639	C	T	210	157	22	34
3	103794	T	C	218	186	24	38
3	103948	T	G	214	200	28	31
3	104045	C	A	226	205	23	36
3	109686	G	A	174	139	15	13
3	114518	G	A	172	163	29	17
3	115087	C	T	197	165	34	22
3	115535	T	C	150	155	29	15
3	118260	G	A	149	181	21	19
3	127366	T	C	186	190	50	13
3	134908	T	A	158	158	45	13
3	135390	C	T	194	154	37	17
3	135391	C	T	197	153	37	16
3	138894	A	G	192	181	32	16
3	145262	A	T	183	231	53	20
3	148866	G	A	195	256	53	16
3	150336	A	G	232	221	65	29
3	152405	C	T	212	213	73	18
3	152407	T	C	223	211	75	17
3	163073	T	C	233	165	37	14
3	163924	C	T	175	133	20	9
3	163990	A	C	152	137	26	7
3	173820	A	G	176	186	20	10
3	192170	A	G	243	146	27	26
3	199815	G	C	136	118	21	14
3	200362	G	A	94	91	18	8
3	201734	C	T	116	67	19	8
3	209502	A	G	161	171	30	10
3	218094	C	T	134	162	26	20
3	222215	T	C	133	110	31	17
3	222391	T	C	118	133	24	17
3	223545	A	C	118	145	32	15
3	224434	C	T	120	125	22	18
3	224719	C	T	107	122	19	10
3	224736	A	G	103	98	21	9
3	225022	A	C	136	138	24	16
3	226443	T	A	117	116	22	7
3	231270	T	A	166	93	32	19
3	231271	G	A	164	92	32	19
3	231272	A	T	166	93	32	19
3	231273	G	C	167	89	32	19
3	231442	C	T	178	129	36	33
3	231797	A	G	202	136	25	19
3	232480	T	C	151	148	18	15
3	233353	G	A	191	152	30	42
3	233818	C	T	185	159	23	22
3	233863	A	C	173	157	24	22
3	235069	G	A	175	160	28	19
3	235613	A	G	201	197	33	31
3	236451	C	T	188	155	30	16
3	237328	G	A	173	198	24	20
3	237383	G	C	182	149	22	12
3	237384	C	T	186	151	21	12
3	237385	T	C	189	149	22	12
3	237388	T	C	192	149	23	12
3	237391	T	C	191	149	25	13
3	237394	C	T	189	149	25	13
3	237796	T	A	106	96	29	16
3	240082	G	A	77	52	16	6
3	240163	A	T	52	52	12	2
3	240181	A	T	51	53	11	4
3	240262	C	T	56	53	16	7
3	240265	T	A	59	51	17	7
3	240277	T	A	57	60	18	6
3	240478	A	T	68	70	28	3
3	248344	C	T	99	134	24	18
3	248695	A	T	82	81	17	4
3	250427	G	A	85	121	11	7
3	251071	C	T	74	101	16	12
3	252364	T	A	60	74	16	5
3	252367	T	A	60	74	16	5
3	278239	C	A	174	217	28	32
3	339523	A	T	117	90	5	13
3	343070	T	C	158	162	8	35
3	348766	T	C	179	177	10	29
3	355620	G	T	148	177	9	21
3	360495	C	A	227	193	5	26
3	668648	G	A	209	220	53	44
3	908697	T	A	180	146	18	7
3	908702	A	G	178	134	16	8
3	908955	A	G	186	143	17	15
3	909215	A	C	174	115	19	14
3	909439	T	A	182	138	20	13
3	910180	G	A	167	124	25	18
3	910744	G	A	191	138	19	28
3	910794	A	G	203	152	21	28
3	910978	G	A	205	160	27	25
3	912899	G	A	167	126	24	14
3	914553	C	A	208	140	20	25
3	933539	T	A	90	87	10	10
3	934851	T	C	101	89	8	9
3	937326	A	T	106	94	11	10
3	939294	A	G	104	101	18	7
3	940541	T	C	86	105	9	13
3	941957	C	T	117	124	17	13
3	951923	A	T	108	138	16	12
3	976435	A	T	213	215	27	34
3	980581	G	A	150	139	25	18
3	986577	T	C	139	150	9	12
3	990685	G	A	165	202	16	25
3	990686	T	A	144	198	14	25
3	990687	C	T	162	200	14	24
3	991106	T	A	173	186	27	57
3	993766	A	G	155	153	16	17
3	995454	C	T	121	126	9	10
3	998674	G	A	129	151	23	16
3	1004905	G	A	209	216	25	28
3	1006498	T	C	234	201	18	30
3	1007113	T	A	197	213	17	27
3	1014545	T	C	85	108	4	10
3	1019826	C	T	193	215	36	16
3	1024093	C	A	164	153	14	16
3	1032375	A	T	146	186	17	19
3	1071755	A	T	102	88	12	6
3	1074355	A	T	140	29	17	4
3	1074418	G	C	164	5	17	0
3	1074422	G	A	161	5	17	0
3	1074425	C	T	160	5	17	0
3	1074438	C	A	159	29	16	2
3	1074439	T	C	159	29	16	2
3	1074441	A	T	161	29	16	2
3	1085814	A	C	202	197	42	19
4	216867	A	G	244	167	55	24
4	216868	A	G	243	172	53	24
4	216876	G	A	247	201	56	31
4	216990	G	A	243	210	63	29
4	219771	C	T	272	186	56	28
4	221362	T	C	268	192	49	24
4	229537	G	C	240	189	46	28
4	230324	T	C	214	206	63	30
4	230517	C	T	247	199	47	23
4	230794	A	G	227	181	29	16
4	232370	A	G	239	173	39	17
4	237249	A	G	151	139	15	13
4	237812	C	T	176	126	29	10
4	256412	A	G	95	101	18	10
4	261851	G	A	108	90	18	9
4	262728	G	A	80	85	12	8
4	264493	A	G	105	99	24	6
4	293035	A	C	220	194	31	31
4	294971	G	A	201	181	23	18
4	312195	A	G	136	135	19	15
4	320981	T	A	240	131	35	28
4	396828	T	C	227	185	24	10
4	399365	A	C	181	164	16	11
4	408855	A	G	244	171	31	38
4	425449	A	G	222	179	13	29
4	551146	T	C	239	201	34	37
4	568732	G	A	183	193	12	23
4	582845	G	A	247	205	45	42
4	587056	G	T	216	185	29	21
4	625854	G	A	138	159	20	20
4	655206	A	G	146	107	13	13
4	675713	G	A	107	108	10	7
4	791159	T	C	129	133	13	6
4	806864	A	C	123	184	22	19
4	890254	A	C	137	106	7	7
4	900323	G	C	117	109	14	7
4	911755	C	A	124	113	17	12
4	912899	G	A	132	115	15	11
4	923333	T	G	120	117	18	15
4	928639	A	G	188	197	29	22
4	930187	C	A	203	199	19	24
4	935117	G	A	100	129	14	17
4	943013	A	G	169	166	18	23
4	943332	T	C	144	151	11	14
4	962743	C	T	95	58	4	6
4	973644	T	C	197	204	37	33
4	976096	A	C	231	198	34	53
4	977018	T	C	222	214	42	53
4	977963	A	G	237	197	70	79
4	978116	A	G	215	223	50	60
4	978613	A	T	202	216	42	39
4	994328	C	T	148	163	19	23
4	996003	C	T	207	221	43	52
4	1002989	A	C	142	173	27	16
4	1003595	G	T	145	154	21	12
4	1004085	T	C	131	105	14	9
4	1089461	T	C	165	175	37	19
5	168062	C	A	125	109	8	10
5	170080	T	C	209	153	12	18
5	308830	A	T	30	22	13	7
5	452244	T	C	152	94	8	6
5	627816	C	T	142	141	16	4
5	655171	T	G	114	106	10	8
5	655669	T	C	162	144	18	2
5	659024	A	C	139	104	12	5
5	666859	A	C	250	198	66	10
5	671266	T	G	298	61	105	7
5	671272	T	G	300	65	106	8
5	673433	T	A	225	18	46	0
5	695336	A	T	225	213	94	35
5	737858	A	C	76	106	14	2
5	747783	G	A	206	186	36	1
5	772978	A	C	219	187	39	26
5	773357	C	T	216	212	67	35
5	780443	A	G	154	138	20	10
5	788196	A	G	128	112	11	10
5	813249	A	C	129	148	13	10
5	823050	G	A	93	100	11	6
5	823735	A	G	86	84	21	8
5	825172	G	C	108	127	11	7
5	825243	T	A	124	13	16	0
5	825723	C	T	154	159	27	11
5	826951	C	T	175	183	38	10
5	827712	G	A	188	174	31	13
5	828710	G	C	199	166	25	16
5	830697	T	A	155	152	14	21
5	838123	G	T	198	207	36	17
5	838144	G	T	179	189	31	14
5	838340	C	T	142	152	20	12
5	845569	G	A	126	124	20	13
5	846555	A	C	139	128	19	6
5	848024	G	C	182	102	13	12
5	852215	C	T	182	185	15	12
5	863560	C	T	193	200	26	23
5	895743	C	T	167	202	15	20
5	896768	T	G	177	200	21	21
5	902822	T	C	146	140	11	16
5	921624	G	A	118	93	8	16
5	923631	C	A	206	192	21	23
5	936793	A	G	116	145	16	10
5	948785	A	C	66	70	6	5
5	1009579	T	A	205	245	39	40
6	80717	C	A	110	118	19	14
6	257738	C	T	245	204	47	83
6	258545	G	A	211	243	35	87
6	258546	C	A	206	244	35	87
6	260098	C	A	222	209	32	57
6	266547	T	C	210	237	22	54
6	274285	A	T	139	135	7	25
6	278218	A	G	127	135	9	29
6	529025	T	A	175	239	10	30
6	553964	T	A	156	175	11	20
6	619172	A	C	138	106	8	30
6	625691	A	T	73	55	3	10
6	717905	T	C	253	218	34	77
6	857791	C	A	202	200	20	21
6	883768	G	A	162	183	17	28
6	890729	G	A	224	204	37	40
6	892303	C	T	203	224	35	49
6	893412	A	T	204	210	18	33
6	896036	A	C	204	225	33	52
6	897010	T	C	226	214	42	53
6	910145	A	G	193	185	23	40
6	926355	T	G	93	108	11	16
6	931044	T	G	139	123	28	11
6	931126	A	G	138	119	28	13
6	932620	A	G	169	149	32	20
6	938952	C	T	165	98	31	14
6	944725	A	G	192	116	24	17
6	945648	C	A	185	125	24	12
6	946007	G	A	245	143	41	17
6	952870	G	T	230	188	70	30
6	953911	G	A	276	160	55	25
6	962525	A	C	218	216	36	32
6	964653	A	G	188	202	33	17
6	969109	T	C	220	220	50	21
6	973643	G	A	187	184	39	20
6	974726	A	G	180	172	42	19
6	998208	A	T	156	142	25	10
6	1009390	G	A	209	246	64	46
6	1023215	G	A	168	184	27	23
6	1024745	T	C	196	189	31	15
6	1031627	A	C	109	124	20	9
6	1041532	G	C	193	211	31	20
6	1042552	G	A	222	195	46	24
6	1048630	G	C	220	219	64	20
6	1048868	G	T	206	228	79	19
6	1056029	G	A	159	153	25	12
6	1067230	T	C	186	227	46	17
6	1085318	T	G	131	160	27	10
6	1109275	T	C	154	134	26	22
6	1113482	C	T	162	171	20	13
6	1114115	T	C	145	135	23	17
6	1115209	T	A	205	173	31	22
6	1115722	C	T	184	211	26	22
6	1115787	G	A	186	204	27	20
6	1116871	G	A	166	188	41	10
6	1117130	C	T	145	138	28	12
6	1118145	G	T	166	183	13	15
6	1120209	T	C	173	155	24	15
6	1122668	C	T	105	91	11	7
6	1123475	A	G	132	97	21	6
6	1124140	T	C	83	85	23	4
6	1124238	C	A	117	95	20	3
6	1125122	G	A	126	79	18	7
6	1125355	C	T	140	101	20	8
6	1125475	A	G	181	126	22	9
6	1125925	G	A	149	116	29	12
6	1125942	A	G	133	122	26	8
6	1125945	A	G	123	125	24	8
6	1126161	A	G	156	127	29	8
6	1127136	T	C	157	119	22	15
6	1127352	G	A	167	140	24	11
6	1127373	G	A	164	130	20	12
6	1127518	T	C	197	112	20	17
6	1127997	C	T	146	142	26	9
6	1128006	G	A	145	137	26	8
6	1128063	C	T	135	127	26	8
6	1128078	C	T	137	131	28	8
6	1128144	A	G	128	109	24	6
6	1128210	A	G	146	100	26	7
6	1128808	G	A	157	137	29	9
6	1128864	A	T	148	123	29	8
6	1128885	T	C	145	126	29	8
6	1128917	G	A	154	129	30	7
6	1128930	T	C	142	118	26	9
6	1128982	T	C	144	118	25	8
6	1128983	T	C	141	119	26	8
6	1129201	A	G	118	95	15	9
6	1129411	A	T	123	107	18	10
6	1129453	A	G	146	110	19	11
6	1129471	G	A	145	110	19	11
6	1129518	T	C	154	110	22	14
6	1129565	A	G	145	104	32	11
6	1129581	G	A	159	111	39	12
6	1129661	T	C	175	113	35	8
6	1129663	G	A	172	115	35	9
6	1129801	T	C	160	118	27	12
6	1129849	A	G	163	119	25	7
6	1129886	A	G	165	145	21	5
6	1130104	T	C	192	131	13	10
6	1130124	T	C	180	117	15	12
6	1130125	T	C	178	117	15	12
6	1130369	T	C	165	114	20	13
6	1130400	C	T	167	116	27	14
6	1130432	T	C	202	140	24	13
6	1130736	C	T	208	139	36	7
6	1131643	A	G	253	187	53	22
6	1132329	C	A	242	179	56	26
6	1133281	C	A	247	166	46	25
6	1133357	C	T	267	185	51	25
6	1133818	G	T	240	171	30	16
6	1133976	A	G	250	207	33	18
6	1133994	G	A	232	198	31	17
6	1134060	T	C	232	182	28	10
6	1134109	A	G	228	202	28	12
6	1134194	G	A	247	189	36	11
6	1134354	A	G	214	186	41	16
6	1135026	T	C	266	182	50	23
6	1135691	T	C	234	193	33	13
6	1135721	A	G	231	172	35	10
6	1136050	T	A	235	202	34	12
6	1136252	A	G	233	173	34	21
6	1136633	C	T	256	135	39	25
6	1136672	A	G	282	133	48	27
6	1136700	A	C	291	154	45	32
6	1137713	G	A	251	168	47	22
6	1137820	C	A	270	170	51	22
6	1139276	C	T	240	165	33	19
6	1139902	G	A	226	176	30	15
6	1140237	C	T	243	188	44	13
6	1140898	G	A	248	168	46	23
6	1140917	T	C	270	161	50	18
6	1141165	A	G	254	152	30	20
6	1141839	G	A	250	158	23	9
6	1142134	A	G	230	176	38	19
6	1143557	A	G	240	184	45	16
6	1143607	C	T	249	205	49	14
6	1143769	T	C	239	197	50	16
6	1144525	A	G	218	214	62	22
6	1144701	G	A	216	220	48	18
6	1145833	G	A	221	219	41	21
6	1146096	T	C	226	204	40	15
6	1146405	G	A	251	187	32	18
6	1146870	T	C	256	185	66	20
6	1147144	T	C	250	193	46	22
6	1148231	A	G	254	197	52	14
6	1148396	G	A	237	203	59	17
6	1148870	T	C	237	213	67	18
6	1149101	C	T	235	196	55	23
6	1149551	T	C	220	193	59	23
6	1150475	G	A	203	223	27	13
6	1150955	T	G	180	192	41	13
6	1151346	T	A	137	107	15	3
6	1151462	A	T	149	125	19	2
6	1151535	T	C	163	147	17	6
6	1152255	C	T	211	227	48	13
6	1152300	G	A	195	228	60	13
6	1152774	C	T	201	210	47	19
6	1153087	T	C	201	223	30	20
6	1153341	C	T	176	208	36	21
6	1153478	A	C	185	219	32	13
6	1153681	G	A	239	71	43	7
6	1153687	T	G	232	54	40	6
6	1153867	G	A	221	206	46	17
6	1155698	C	T	169	218	25	17
6	1155863	G	A	136	188	21	13
6	1157154	C	T	198	231	27	19
6	1158521	G	A	183	240	25	16
6	1159922	G	A	175	194	18	10
6	1160705	G	C	115	169	6	6
6	1161079	T	C	166	173	10	7
6	1161354	G	T	101	118	10	9
6	1161355	G	T	105	119	10	9
6	1161356	A	T	107	119	10	9
6	1161629	G	A	85	120	11	8
6	1161642	G	A	94	113	11	8
6	1161755	A	G	100	113	13	6
6	1162649	G	A	72	111	13	5
6	1162676	T	A	81	115	13	5
6	1162800	C	T	83	114	18	6
6	1163160	G	A	128	148	12	10
6	1163610	A	G	127	171	15	11
6	1163632	A	T	126	165	14	14
6	1164660	T	C	123	196	19	9
6	1165082	A	G	116	160	15	13
6	1165164	G	A	118	176	16	14
6	1166408	T	C	166	270	28	18
6	1166482	T	A	160	249	28	17
6	1166762	A	G	197	203	21	13
6	1166982	G	A	187	222	40	10
6	1169013	G	A	174	182	18	11
6	1169052	A	C	189	196	21	15
6	1169121	G	A	188	203	26	12
6	1169196	C	T	175	212	28	10
6	1173263	A	G	207	234	39	30
6	1174801	T	C	209	239	42	19
6	1175808	A	C	236	230	79	40
6	1177126	A	C	226	241	115	47
6	1182743	T	A	232	200	61	20
6	1184912	G	A	212	216	76	20
6	1197039	G	T	140	141	17	15
6	1202673	C	T	98	91	16	7
6	1214010	A	G	113	154	13	12
6	1217125	T	C	189	191	24	25
6	1218994	T	G	136	198	32	17
6	1225912	C	T	99	107	22	7
6	1227408	C	T	76	94	14	11
6	1227764	G	A	82	71	8	11
6	1235753	T	C	216	197	39	45
6	1242156	T	C	89	90	20	13
6	1243062	T	C	144	138	27	19
6	1245532	A	T	123	106	30	21
6	1253071	A	G	145	184	36	13
7	32597	A	G	225	210	25	29
7	33460	A	T	203	227	32	18
7	35758	A	G	201	244	53	58
7	35914	G	C	181	264	57	82
7	36007	A	G	195	247	69	81
7	36057	G	T	257	180	95	52
7	36067	C	T	258	181	90	52
7	36120	G	A	186	229	48	65
7	36282	A	G	271	184	47	59
7	36352	G	T	344	100	104	38
7	36625	G	A	225	132	67	39
7	36628	G	T	237	135	78	39
7	36631	A	G	337	127	105	34
7	36646	A	T	296	150	99	49
7	36652	A	G	211	173	64	51
7	36658	T	G	201	185	66	54
7	36949	C	T	300	155	90	94
7	37405	A	G	199	177	53	35
7	37406	C	A	197	176	53	35
7	49049	G	A	87	89	13	4
7	60420	A	G	154	165	29	9
7	60601	C	T	125	143	27	11
7	61650	T	A	84	120	17	10
7	66127	C	T	116	132	15	8
7	68492	A	G	156	188	25	13
7	82381	A	G	107	99	19	17
7	84388	T	G	112	144	17	14
7	85330	G	T	117	134	21	15
7	87355	T	C	153	160	28	24
7	102114	T	C	196	211	41	31
7	115311	C	T	192	211	33	27
7	116536	T	C	193	246	43	35
7	121178	G	A	242	202	46	48
7	129380	T	C	193	184	22	38
7	155222	G	T	208	198	21	13
7	165357	A	G	150	157	27	13
7	169956	A	G	112	172	20	19
7	171411	A	G	167	247	43	31
7	171539	C	T	178	270	46	28
7	172677	C	T	155	217	22	23
7	172987	G	A	145	211	17	24
7	183433	A	C	224	184	34	22
7	185661	T	C	233	221	38	30
7	200215	T	C	179	265	34	33
7	210709	G	A	155	147	16	11
7	300162	T	G	156	168	6	25
7	301268	C	G	232	200	9	40
7	305857	A	G	194	209	7	33
7	306198	T	C	213	215	8	31
7	308494	A	G	219	210	9	31
7	314131	A	G	233	209	2	45
7	315204	G	A	228	217	6	36
7	315208	G	A	227	222	6	36
7	318927	G	C	179	149	4	34
7	325529	C	T	186	180	8	19
7	326071	A	G	200	211	4	36
7	326936	A	G	168	179	4	25
7	328180	G	A	125	186	7	22
7	330324	A	G	166	214	8	29
7	334563	T	C	179	250	19	69
7	335845	A	G	170	256	17	78
7	337183	A	C	191	219	9	65
7	347124	T	G	278	187	14	73
7	347491	T	G	216	227	24	79
7	348801	G	A	242	186	17	44
7	349230	C	T	229	184	17	33
7	349377	T	G	223	208	10	32
7	349623	A	G	231	190	8	27
7	350671	A	G	226	198	9	42
7	351428	T	A	217	219	12	43
7	361046	G	A	218	150	16	40
7	378869	C	T	159	189	10	22
7	379031	G	A	174	197	14	23
7	411487	G	A	233	191	27	48
7	422683	A	T	223	157	9	21
7	448015	C	T	157	134	14	20
7	469460	C	T	220	186	27	24
7	473567	C	T	195	200	33	20
7	476602	A	G	205	188	25	24
7	482247	G	A	196	162	23	18
7	492153	T	C	233	189	19	27
7	493226	A	G	257	175	25	20
7	493335	T	C	264	188	25	27
7	500630	T	C	217	183	21	28
7	509033	G	A	200	255	47	55
7	520137	T	A	168	262	27	35
7	526169	T	A	177	218	17	31
7	537185	T	A	192	149	22	24
7	554067	A	T	229	154	23	26
7	559344	C	T	190	196	21	35
7	606760	C	T	158	235	12	26
7	608350	A	G	138	151	10	17
7	610009	G	A	167	156	9	16
7	666943	A	T	155	149	17	21
7	713340	A	G	177	183	19	20
7	722064	A	G	193	185	26	14
7	735689	G	T	193	152	16	27
7	767446	T	A	206	203	23	27
7	768936	T	A	159	169	12	19
7	808308	T	C	204	184	11	20
7	821339	T	C	187	197	18	23
7	828199	A	C	95	106	11	15
7	829727	C	T	91	93	13	21
7	837666	G	A	174	193	13	18
7	860410	A	G	136	120	15	25
7	866854	A	G	185	140	19	17
7	875319	C	T	92	92	10	12
7	932569	T	C	191	144	27	31
7	949719	T	A	178	180	42	43
7	949794	T	A	184	171	41	52
7	949932	A	T	177	207	51	68
7	950253	A	T	129	70	36	20
7	950256	A	T	133	70	37	18
7	950259	A	T	136	68	38	15
7	950283	T	A	145	84	50	17
7	950376	A	T	124	80	33	15
7	950379	A	T	123	80	36	16
7	950517	T	A	115	110	27	32
7	950637	T	A	152	144	37	25
7	963897	C	T	154	164	16	24
7	970131	T	C	151	136	10	20
7	1025871	C	T	150	144	21	21
7	1050552	T	C	198	210	35	43
7	1051098	T	G	196	240	28	52
7	1052491	C	T	201	243	28	38
7	1055357	C	A	190	187	15	17
7	1055442	G	A	208	206	15	17
7	1055627	T	A	193	186	19	27
7	1055661	A	C	184	194	23	24
7	1055689	T	C	182	197	25	22
7	1055982	C	T	211	192	26	55
7	1055999	T	C	209	181	26	52
7	1056119	A	C	178	34	22	7
7	1056211	G	A	161	27	15	4
7	1056216	T	C	153	26	15	5
7	1056221	A	C	140	16	17	2
7	1056333	G	A	158	145	13	24
7	1056345	A	C	170	154	14	25
7	1056356	T	C	175	158	15	24
7	1056357	C	A	175	152	15	25
7	1056368	G	A	195	173	15	25
7	1056429	C	T	200	198	20	24
7	1056493	G	A	203	217	25	33
7	1056601	C	A	216	216	32	36
7	1056715	T	C	181	241	31	44
7	1056717	G	T	185	243	32	44
7	1056750	G	A	189	226	29	36
7	1056753	C	A	174	226	28	37
7	1056767	A	G	192	245	30	36
7	1056770	A	G	198	249	30	37
7	1056792	A	G	205	230	29	38
7	1056799	T	C	200	217	29	38
7	1056802	C	A	204	218	28	38
7	1056803	G	A	201	216	28	38
7	1056814	T	G	203	231	26	38
7	1056831	A	G	190	190	27	33
7	1056838	T	A	198	193	27	35
7	1056841	A	T	196	197	26	35
7	1056858	C	A	213	227	28	38
7	1056868	A	G	208	225	27	36
7	1056889	C	T	206	215	28	34
7	1056899	A	T	197	217	30	33
7	1056923	C	T	206	229	26	33
7	1056925	A	G	206	227	27	33
7	1056959	G	A	205	226	28	42
7	1056966	A	C	207	230	29	40
7	1056974	A	G	210	224	28	38
7	1056979	G	A	205	213	28	40
7	1056991	T	C	204	197	28	40
7	1057000	T	C	209	203	39	42
7	1057023	T	C	231	215	34	42
7	1057043	A	G	236	209	34	43
7	1057063	C	T	224	140	29	31
7	1057064	G	A	220	138	29	31
7	1057066	C	T	223	141	28	32
7	1057067	G	A	219	139	29	31
7	1057074	G	A	210	173	32	38
7	1057084	C	A	214	187	31	39
7	1057086	A	G	202	191	32	38
7	1057119	A	T	218	224	37	44
7	1057121	T	A	219	226	36	44
7	1057158	A	T	192	205	36	49
7	1057170	G	A	185	199	33	47
7	1057179	G	A	204	193	34	44
7	1057185	A	G	204	177	32	38
7	1057187	T	C	205	178	35	40
7	1057188	T	C	203	176	34	40
7	1057191	C	T	203	184	34	40
7	1057251	G	A	196	201	30	43
7	1057308	G	A	207	222	30	45
7	1057470	G	C	202	217	30	42
7	1057544	G	C	203	220	31	43
7	1057560	C	T	201	194	24	36
7	1057564	A	T	183	217	23	40
7	1057625	C	T	191	196	21	37
7	1057630	C	T	195	200	21	34
7	1057633	T	C	194	199	21	36
7	1057650	C	A	176	195	20	36
7	1057665	C	T	189	165	18	29
7	1057666	G	A	186	165	18	28
7	1057680	T	C	193	168	14	30
7	1057703	C	A	205	168	12	33
7	1057704	A	G	211	165	12	33
7	1057712	G	A	221	170	13	34
7	1057713	G	A	220	171	13	33
7	1057725	G	A	224	174	14	33
7	1057813	T	A	204	188	18	36
7	1057890	G	A	219	226	24	38
7	1057946	C	A	202	193	24	41
7	1057947	A	G	203	191	25	41
7	1057950	T	A	211	197	25	41
7	1058005	A	G	212	199	29	46
7	1058033	T	G	214	218	32	48
7	1058058	A	G	211	229	33	46
7	1058065	C	T	204	231	33	44
7	1058935	A	G	204	208	23	48
7	1065843	T	A	233	210	20	71
7	1073164	C	T	219	190	6	56
7	1075327	C	T	239	182	8	46
7	1076039	T	C	239	186	10	54
7	1079596	G	A	243	185	10	55
7	1146918	A	G	171	160	23	37
7	1147058	C	T	135	124	22	34
7	1148344	T	A	170	165	17	29
7	1150749	T	C	183	156	20	18
7	1150888	A	G	221	142	26	27
7	1150990	C	T	233	161	23	28
7	1160318	A	C	239	189	33	33
7	1168329	G	A	274	184	48	46
7	1169115	C	T	312	146	51	51
7	1173363	G	A	225	162	26	19
7	1189417	C	T	195	231	29	29
7	1193605	G	A	200	255	69	65
7	1194057	T	C	208	231	46	36
7	1196878	A	G	184	197	26	44
7	1200973	C	T	173	212	16	21
7	1208946	T	C	144	169	10	30
7	1209973	G	A	159	172	13	26
7	1210097	A	G	167	174	16	16
7	1210423	G	A	164	185	16	15
7	1210531	A	G	166	188	11	18
7	1210574	A	G	155	187	12	20
7	1210624	C	T	162	211	13	20
7	1210642	T	C	167	205	12	16
7	1211098	C	T	153	179	12	14
7	1211197	G	A	139	151	8	8
7	1219760	A	G	189	197	25	14
7	1222178	C	T	190	209	18	23
7	1222320	C	T	166	157	14	14
7	1225903	G	A	126	113	11	12
7	1226429	C	T	140	102	11	9
7	1228951	C	T	96	74	5	4
7	1230049	C	A	127	125	6	15
7	1234761	G	A	167	169	13	26
7	1235059	C	A	113	133	17	23
7	1235306	A	T	135	127	17	16
7	1240882	T	A	169	188	18	18
7	1244570	A	C	175	203	23	49
7	1249220	G	A	138	147	12	20
7	1249945	T	C	188	191	17	29
7	1255902	A	C	202	162	9	11
7	1260268	G	A	187	140	7	21
7	1260493	G	A	203	199	8	27
7	1260643	G	C	209	209	7	22
7	1262644	A	G	179	193	20	24
7	1264275	G	A	203	222	22	30
7	1264881	G	A	172	198	20	28
7	1267786	T	C	144	214	24	13
7	1268667	T	A	151	229	12	10
7	1277813	C	T	200	236	23	27
7	1287197	T	A	145	175	11	24
7	1287994	T	G	140	177	10	30
7	1296479	C	T	73	89	8	15
7	1299854	T	G	94	89	8	12
7	1300306	G	A	82	93	11	9
7	1312184	T	C	66	71	7	10
7	1313116	C	A	105	81	10	15
7	1316362	G	A	149	65	15	8
8	26150	G	T	179	155	26	4
8	28612	A	G	219	190	39	7
8	35881	A	G	223	231	44	14
8	81887	G	A	173	205	49	6
8	132714	C	G	97	74	25	0
8	164962	G	A	220	190	125	20
8	164995	T	C	238	187	111	20
8	165019	T	C	237	16	111	0
8	178552	A	C	111	55	30	7
8	182668	C	T	118	100	22	2
8	203744	A	G	166	106	21	4
8	246363	T	A	194	210	23	16
8	299740	T	C	173	244	23	27
8	300386	T	A	92	148	12	21
8	300389	T	A	95	146	12	20
8	300392	T	A	95	148	12	20
8	355261	A	G	195	185	30	18
8	370306	T	A	112	122	12	8
8	445672	A	G	145	160	14	19
8	462119	C	T	85	91	16	20
8	475172	G	A	231	213	70	63
8	476021	T	A	213	208	45	35
8	477170	G	A	202	236	57	54
8	479042	C	A	218	226	46	33
8	481474	A	G	240	203	40	54
8	483479	A	G	211	234	60	46
8	483699	C	T	212	225	42	35
8	493095	G	A	221	206	27	31
8	495313	A	G	225	199	36	30
8	509259	A	G	232	232	44	45
8	520584	T	C	103	99	13	8
8	520880	C	T	90	95	11	11
8	526923	A	G	221	221	19	31
8	527228	A	G	192	184	27	22
8	534633	T	G	187	205	14	23
8	542194	G	A	166	212	12	21
8	546395	T	C	90	94	9	10
8	547410	G	A	98	114	8	8
8	554879	C	T	81	83	2	10
8	556808	C	T	140	129	10	9
8	566065	T	C	162	227	10	41
8	575867	C	T	192	188	14	27
8	581205	G	T	202	199	6	27
8	587594	A	G	96	94	4	14
8	606856	A	G	223	216	14	44
8	609986	G	A	156	153	8	34
8	615371	A	G	216	200	6	52
8	620887	T	A	129	162	9	25
8	621512	A	G	131	145	8	27
8	622369	C	G	160	154	4	30
8	622463	A	G	165	156	7	40
8	623688	T	A	105	134	9	35
8	625101	T	C	173	156	5	34
8	625950	T	C	123	111	4	21
8	626077	G	A	111	124	1	20
8	626100	A	G	117	128	2	19
8	626480	A	G	112	145	4	26
8	626535	G	A	102	144	5	23
8	628826	G	A	159	198	3	32
8	629218	C	T	174	220	10	40
8	633354	C	G	131	165	2	25
8	635130	G	A	172	221	12	49
8	637861	C	T	219	212	11	83
8	641817	T	C	216	241	17	45
8	643053	C	T	225	213	30	66
8	643370	C	A	217	194	12	50
8	644876	A	T	243	171	11	28
8	645315	A	G	238	197	9	40
8	645539	T	C	250	203	27	64
8	645723	C	T	226	219	26	86
8	645821	C	A	232	203	17	67
8	645946	G	A	251	205	16	59
8	663609	G	T	210	186	15	23
8	672421	G	A	182	202	12	38
8	674383	G	C	191	209	18	35
8	681613	G	C	155	185	6	19
8	695441	A	C	132	119	7	17
8	698252	C	T	162	190	5	22
8	701727	C	A	132	138	4	12
8	703707	A	G	191	205	7	16
8	706200	C	T	184	221	8	17
8	724420	T	A	185	122	14	14
8	724426	T	A	186	126	11	15
8	733536	T	C	173	229	5	48
8	740270	A	G	205	238	15	91
8	756899	T	C	174	128	2	26
8	759577	A	C	110	112	4	24
8	766409	G	C	205	188	7	32
8	780115	G	T	225	164	6	38
8	783560	A	G	130	130	6	39
8	783617	A	G	163	148	5	36
8	786426	A	G	112	94	4	11
8	789174	T	G	103	116	7	13
8	805928	G	A	225	209	8	23
8	808851	A	T	249	206	10	30
8	811629	T	C	188	169	8	18
8	812954	C	A	149	151	1	14
8	814167	G	A	138	127	10	27
8	818732	C	T	126	123	8	19
8	828248	T	A	225	190	8	44
8	828453	T	A	192	158	9	48
8	830758	C	T	228	184	10	58
8	831625	T	C	224	191	12	55
8	836332	G	A	237	172	9	43
8	852203	T	C	154	124	8	20
8	853182	G	A	170	172	10	33
8	854358	C	A	215	183	7	41
8	865009	G	A	171	167	14	28
8	874728	C	T	190	173	17	38
8	877940	C	T	222	200	18	45
8	878600	T	G	162	212	23	38
8	883570	C	T	203	197	23	27
8	884132	G	A	56	40	8	13
8	884617	T	C	162	165	24	55
8	891449	C	T	123	120	11	26
8	892813	A	G	124	89	10	16
8	894661	G	A	110	100	4	29
8	897276	G	A	86	98	14	18
8	897725	G	T	88	114	5	14
8	904709	T	C	155	145	4	22
8	907220	C	G	139	155	10	24
8	908358	G	A	218	188	5	21
8	908971	T	C	141	155	4	32
8	912569	T	C	216	206	16	48
8	919875	G	T	127	131	4	25
8	930103	A	G	158	166	9	27
8	944277	T	G	140	160	7	35
8	944352	A	G	157	180	7	37
8	945822	A	G	190	186	4	29
8	951945	G	T	137	160	15	29
8	952184	C	A	152	139	15	31
8	952484	G	A	188	211	13	26
8	964783	A	C	167	176	7	39
8	966913	A	G	193	231	9	40
8	970433	A	G	211	198	18	37
8	975871	A	G	161	166	11	21
8	979720	C	T	172	200	9	21
8	979860	A	G	148	166	13	24
8	1001137	A	G	115	137	5	18
8	1005724	C	A	165	176	9	30
8	1018603	A	G	242	194	23	59
8	1019097	T	C	249	180	22	101
8	1025503	T	A	218	178	16	59
8	1026391	G	A	258	145	10	34
8	1031304	G	A	228	203	23	73
8	1034063	G	A	250	179	36	117
8	1040035	T	G	152	160	3	45
8	1040541	C	T	164	179	7	39
8	1041700	T	C	113	145	13	35
8	1042258	A	C	122	183	7	28
8	1045891	G	A	84	128	10	15
8	1049169	A	C	171	242	15	66
8	1050998	T	A	160	217	15	51
8	1053000	T	C	153	196	11	40
8	1053075	A	G	165	223	13	37
8	1053158	T	C	167	241	11	35
8	1057093	A	G	186	212	40	43
8	1058585	A	G	146	150	15	13
8	1063663	C	A	155	161	15	16
8	1070238	G	A	100	72	5	20
8	1070455	C	T	131	91	10	24
8	1077854	C	A	248	163	24	22
8	1083743	G	A	217	38	32	6
8	1090645	T	G	216	187	21	32
8	1095126	T	C	199	177	22	21
8	1096950	T	C	166	182	21	21
8	1099591	G	A	198	192	15	14
8	1150042	T	A	141	134	17	15
8	1150077	A	T	143	124	15	16
8	1154740	C	A	168	185	25	21
8	1232237	T	G	268	198	142	75
8	1238422	T	C	147	152	33	12
8	1252306	C	T	160	189	16	9
8	1252793	G	A	200	195	21	16
