CHROM	POS	REF	ALT	AD_REF.W347	AD_ALT.W347	AD_REF.W496	AD_ALT.W496
1	31104	G	A	161	152	244	12
1	31410	A	C	134	172	269	5
1	40663	G	A	217	172	409	12
1	52322	C	A	0	0	205	11
1	73671	G	A	204	251	405	34
1	74017	G	A	189	224	414	36
1	82174	G	A	139	160	279	21
1	83228	C	A	81	91	235	15
1	83264	T	C	95	92	253	16
1	84317	C	T	74	66	217	15
1	85211	A	G	92	105	269	23
1	85278	A	T	88	94	306	21
1	87126	T	C	67	70	320	28
1	107180	G	A	233	211	190	19
1	109428	T	A	229	179	373	63
1	132074	T	A	42	21	322	56
1	136286	G	A	255	203	385	71
1	303924	C	T	292	107	129	109
1	698027	C	A	51	25	143	196
1	715530	T	C	228	177	168	207
1	732150	G	A	143	114	132	204
1	755389	A	G	82	63	170	224
1	758101	A	T	147	40	78	102
1	773113	C	A	42	31	170	236
1	807015	C	T	98	77	195	181
1	814587	T	C	227	221	204	220
1	844126	C	T	254	186	230	158
1	855001	C	T	220	224	278	169
2	23546	T	A	66	60	251	147
2	23946	T	C	57	78	238	141
2	40644	C	T	260	161	223	168
2	41909	A	C	185	150	245	169
2	55683	A	G	138	199	249	99
2	60284	T	G	76	78	277	97
2	65095	C	T	39	32	169	53
2	65932	G	T	16	15	214	77
2	98233	G	A	245	184	257	120
2	98242	T	A	256	173	251	120
2	98245	A	G	264	167	248	112
2	111770	A	G	26	39	244	145
2	113740	T	C	16	21	241	112
2	115723	C	A	36	47	191	123
2	129854	A	G	114	89	167	106
2	136116	G	A	239	172	289	111
2	146433	G	A	239	203	311	105
2	151591	A	G	245	222	176	87
2	159333	C	T	76	64	266	165
2	160241	G	A	237	187	270	170
2	161404	G	A	174	151	255	181
2	163139	T	C	261	185	301	161
2	163180	C	T	273	173	311	147
2	165521	T	A	2	3	251	180
2	166835	C	T	48	37	273	183
2	166888	T	C	77	57	277	158
2	167214	A	T	96	61	303	149
2	168270	C	T	267	195	304	133
2	168439	C	T	241	218	275	147
2	168473	T	C	238	214	242	145
2	172043	G	T	243	188	300	141
2	172561	T	A	282	32	298	30
2	173072	G	A	208	142	270	186
2	181477	G	A	251	170	246	172
2	181650	T	C	256	194	246	145
2	181854	C	T	258	197	239	146
2	182024	A	G	279	186	244	161
2	185029	T	C	248	205	220	171
2	186225	T	G	258	188	210	196
2	187750	A	G	267	183	202	164
2	189352	A	C	260	213	201	205
2	189948	T	C	273	197	212	227
2	195761	T	A	220	139	203	199
2	198179	T	C	247	184	226	207
2	198180	T	C	246	183	231	202
2	202948	A	G	59	71	192	194
2	229557	A	C	189	228	259	128
2	230196	T	C	235	225	273	137
2	232084	A	G	205	22	63	3
2	237046	A	G	262	164	216	107
2	237908	C	T	248	154	221	140
2	241490	C	T	213	94	278	122
2	249335	A	G	277	155	164	100
2	267621	A	T	275	147	263	125
2	282383	C	T	240	125	232	183
2	282713	T	C	227	141	209	196
2	283102	G	A	283	155	187	194
2	283330	G	A	292	147	195	173
2	283543	C	T	289	148	198	178
2	283672	T	C	285	163	190	203
2	287664	G	A	258	177	197	167
2	292951	G	T	220	110	143	129
2	296881	A	G	288	180	238	190
2	301577	A	G	244	160	191	136
2	304525	A	G	64	60	122	112
2	305137	G	A	12	14	111	97
2	327378	G	A	93	72	221	170
2	327578	C	T	143	116	211	183
2	336076	G	A	180	258	242	194
2	352109	G	A	136	182	193	141
2	356342	A	C	235	198	170	178
2	359393	T	C	251	171	146	119
2	365814	T	A	131	99	166	121
2	381947	A	G	114	99	209	177
2	386699	C	T	239	213	231	206
2	388085	A	C	114	149	206	180
2	398419	G	A	251	197	224	204
2	411698	C	A	163	141	233	169
2	411968	G	A	173	105	219	130
2	416247	T	G	203	228	246	176
2	423427	A	G	214	229	230	162
2	430031	T	C	158	211	260	185
2	463571	T	G	243	177	255	179
2	465440	T	C	194	131	217	127
2	545038	C	T	140	161	231	165
2	557007	A	G	282	160	237	134
2	561273	C	G	208	235	283	143
2	570663	G	A	239	206	217	203
2	577564	A	G	192	120	114	87
2	584178	T	A	225	151	133	104
2	585521	C	T	261	140	139	81
2	588254	G	C	294	156	245	188
2	589928	G	T	300	149	197	169
2	611546	C	T	198	254	157	130
2	620053	G	T	187	160	138	123
2	645307	G	A	62	34	226	100
2	654388	A	G	42	30	296	118
2	657007	A	T	277	156	45	22
2	657159	T	A	193	92	161	74
2	675350	A	G	234	237	188	142
2	681722	T	C	131	116	96	83
2	681862	A	G	138	121	112	94
2	685966	T	C	222	102	182	77
2	685967	C	T	222	102	186	76
2	686016	A	G	256	110	220	86
2	686144	G	T	257	113	206	79
2	686164	A	G	242	110	194	75
2	686168	A	G	241	115	187	75
2	703900	C	T	176	145	137	100
2	715999	C	A	272	157	122	86
2	746853	G	A	146	116	213	216
2	750166	G	A	205	258	239	228
2	785378	T	C	1	4	256	132
2	801683	G	T	144	152	261	154
2	801698	A	T	165	156	246	142
2	822759	T	A	66	58	163	126
2	867406	G	A	150	125	143	115
2	867690	C	A	167	118	193	135
2	868610	C	T	155	118	192	127
2	882846	A	G	33	28	207	86
2	915396	A	G	74	73	318	93
2	919021	G	A	95	68	167	79
2	927445	A	G	264	193	309	129
2	928068	T	C	145	105	334	99
3	7056	C	T	66	29	226	140
3	10626	A	T	212	170	241	168
3	15813	T	C	231	201	233	182
3	15997	G	A	237	181	241	168
3	16876	A	C	213	210	238	173
3	22643	T	C	169	166	197	151
3	23276	G	T	130	122	212	139
3	23846	T	A	169	164	223	160
3	26099	C	G	214	205	258	165
3	26125	A	G	226	194	261	167
3	27895	T	A	185	152	229	162
3	34627	G	A	229	182	282	154
3	36296	G	A	270	200	270	177
3	46834	A	T	241	200	211	171
3	50708	T	G	265	176	133	118
3	58804	C	A	64	60	139	119
3	76579	G	A	35	34	223	193
3	78940	T	A	41	42	193	131
3	89160	A	G	182	99	71	50
3	94523	A	G	272	119	193	163
3	94806	G	A	142	75	162	155
3	95613	G	C	145	76	171	161
3	96554	C	A	94	38	165	161
3	102291	C	T	236	199	233	175
3	103469	C	A	190	105	214	125
3	103639	C	T	130	78	216	118
3	103794	T	C	123	112	238	144
3	103948	T	G	210	150	247	139
3	104045	C	A	256	181	251	158
3	109686	G	A	232	177	221	179
3	114518	G	A	108	116	208	145
3	115087	C	T	118	132	229	151
3	115535	T	C	156	137	189	156
3	118260	G	A	163	168	198	164
3	127366	T	C	174	220	232	172
3	134908	T	A	191	140	201	210
3	135390	C	T	201	116	224	206
3	135391	C	T	202	113	222	202
3	138894	A	G	232	185	208	152
3	145262	A	T	273	177	200	215
3	148866	G	A	281	139	234	215
3	150336	A	G	294	153	243	186
3	152405	C	T	273	160	197	180
3	152407	T	C	286	156	208	187
3	163073	T	C	262	200	208	158
3	163924	C	T	265	179	132	106
3	163990	A	C	274	176	143	101
3	173820	A	G	182	160	175	147
3	192170	A	G	101	96	225	156
3	199815	G	C	90	76	75	107
3	200362	G	A	73	23	92	87
3	201734	C	T	171	60	87	55
3	209502	A	G	231	127	149	114
3	218094	C	T	216	151	210	186
3	222215	T	C	135	79	109	70
3	222391	T	C	150	91	107	80
3	223545	A	C	223	146	162	96
3	224434	C	T	140	76	121	82
3	224719	C	T	87	51	129	68
3	224736	A	G	85	52	113	56
3	225022	A	C	115	93	139	85
3	226443	T	A	116	81	149	47
3	231270	T	A	106	56	122	40
3	231271	G	A	106	57	123	37
3	231272	A	T	107	56	127	40
3	231273	G	C	107	56	128	38
3	231442	C	T	140	101	176	88
3	231797	A	G	120	66	146	89
3	232480	T	C	31	30	174	60
3	233353	G	A	143	148	191	87
3	233818	C	T	107	112	133	59
3	233863	A	C	108	117	117	53
3	235069	G	A	136	122	147	74
3	235613	A	G	115	85	194	92
3	236451	C	T	65	55	190	88
3	237328	G	A	99	83	193	78
3	237383	G	C	92	44	181	63
3	237384	C	T	92	46	182	64
3	237385	T	C	89	46	183	63
3	237388	T	C	93	46	187	62
3	237391	T	C	93	47	183	63
3	237394	C	T	91	49	184	64
3	237796	T	A	100	51	100	40
3	240082	G	A	255	112	43	12
3	240163	A	T	219	122	42	14
3	240181	A	T	229	128	44	12
3	240262	C	T	222	121	41	9
3	240265	T	A	242	128	40	9
3	240277	T	A	256	143	39	10
3	240478	A	T	235	145	51	19
3	248344	C	T	88	70	110	69
3	248695	A	T	65	54	88	57
3	250427	G	A	64	76	89	68
3	251071	C	T	102	74	108	81
3	252364	T	A	89	51	64	43
3	252367	T	A	88	52	59	44
3	278239	C	A	278	157	196	175
3	339523	A	T	1	1	162	123
3	343070	T	C	58	63	218	160
3	348766	T	C	225	213	147	106
3	355620	G	T	141	137	162	107
3	360495	C	A	223	223	228	197
3	668648	G	A	167	289	278	110
3	908697	T	A	2	5	135	162
3	908702	A	G	1	4	136	154
3	908955	A	G	7	11	132	150
3	909215	A	C	28	21	149	157
3	909439	T	A	41	29	145	160
3	910180	G	A	3	1	134	144
3	910744	G	A	125	95	194	182
3	910794	A	G	116	89	197	172
3	910978	G	A	56	37	206	216
3	912899	G	A	17	12	162	145
3	914553	C	A	8	6	154	137
3	933539	T	A	36	20	94	119
3	934851	T	C	51	42	99	139
3	937326	A	T	42	43	118	169
3	939294	A	G	118	96	143	167
3	940541	T	C	94	109	129	142
3	941957	C	T	145	121	86	131
3	951923	A	T	147	66	95	144
3	976435	A	T	274	167	239	162
3	980581	G	A	129	118	211	123
3	986577	T	C	114	108	247	139
3	990685	G	A	232	177	249	166
3	990686	T	A	200	182	216	170
3	990687	C	T	232	184	242	170
3	991106	T	A	162	133	161	129
3	993766	A	G	170	176	232	183
3	995454	C	T	62	43	205	139
3	998674	G	A	157	199	214	145
3	1004905	G	A	196	193	251	166
3	1006498	T	C	193	197	230	151
3	1007113	T	A	203	246	250	162
3	1014545	T	C	30	50	86	92
3	1019826	C	T	210	195	204	153
3	1024093	C	A	153	208	212	193
3	1032375	A	T	217	234	158	155
3	1071755	A	T	26	47	163	103
3	1074355	A	T	79	29	196	45
3	1074418	G	C	81	4	182	1
3	1074422	G	A	79	9	183	1
3	1074425	C	T	82	11	180	1
3	1074438	C	A	83	35	178	35
3	1074439	T	C	82	36	180	35
3	1074441	A	T	83	35	180	35
3	1085814	A	C	209	219	216	152
4	216867	A	G	47	57	262	126
4	216868	A	G	46	62	260	122
4	216876	G	A	44	69	257	145
4	216990	G	A	46	52	289	127
4	219771	C	T	126	154	288	149
4	221362	T	C	2	6	310	130
4	229537	G	C	189	255	288	144
4	230324	T	C	199	241	264	117
4	230517	C	T	204	240	279	128
4	230794	A	G	196	245	237	109
4	232370	A	G	215	229	268	136
4	237249	A	G	198	218	186	61
4	237812	C	T	156	135	179	73
4	256412	A	G	152	153	121	62
4	261851	G	A	109	103	166	84
4	262728	G	A	119	112	149	51
4	264493	A	G	179	191	282	93
4	293035	A	C	67	67	277	147
4	294971	G	A	74	62	222	152
4	312195	A	G	32	38	217	145
4	320981	T	A	269	141	205	97
4	396828	T	C	111	82	298	132
4	399365	A	C	112	106	269	139
4	408855	A	G	238	186	277	125
4	425449	A	G	188	161	276	151
4	551146	T	C	245	206	287	146
4	568732	G	A	277	151	297	139
4	582845	G	A	279	185	323	124
4	587056	G	T	233	207	285	127
4	625854	G	A	183	167	200	135
4	655206	A	G	138	107	223	99
4	675713	G	A	49	44	172	87
4	791159	T	C	165	106	233	95
4	806864	A	C	65	52	244	132
4	890254	A	C	27	28	249	113
4	900323	G	C	90	80	232	102
4	911755	C	A	73	47	172	84
4	912899	G	A	63	57	183	89
4	923333	T	G	39	37	183	107
4	928639	A	G	92	72	291	110
4	930187	C	A	137	136	263	137
4	935117	G	A	53	45	126	43
4	943013	A	G	215	202	265	127
4	943332	T	C	184	136	253	132
4	962743	C	T	19	20	107	61
4	973644	T	C	245	187	215	184
4	976096	A	C	61	45	246	171
4	977018	T	C	278	174	265	159
4	977963	A	G	278	170	248	165
4	978116	A	G	261	177	278	166
4	978613	A	T	156	75	264	149
4	994328	C	T	136	67	291	118
4	996003	C	T	258	142	277	115
4	1002989	A	C	4	1	279	95
4	1003595	G	T	45	42	289	90
4	1004085	T	C	93	88	225	74
4	1089461	T	C	325	126	236	155
5	168062	C	A	8	6	176	99
5	170080	T	C	167	120	205	143
5	308830	A	T	271	88	12	7
5	452244	T	C	89	102	218	154
5	627816	C	T	49	50	155	96
5	655171	T	G	56	56	175	74
5	655669	T	C	79	72	178	73
5	659024	A	C	111	149	137	89
5	666859	A	C	38	50	263	138
5	671266	T	G	271	87	357	38
5	671272	T	G	274	94	358	42
5	673433	T	A	165	19	313	12
5	695336	A	T	179	250	274	165
5	737858	A	C	1	0	108	100
5	747783	G	A	110	97	117	222
5	772978	A	C	259	166	143	262
5	773357	C	T	270	169	181	246
5	780443	A	G	145	119	156	123
5	788196	A	G	159	105	169	178
5	813249	A	C	0	1	140	140
5	823050	G	A	77	77	134	103
5	823735	A	G	21	27	147	98
5	825172	G	C	37	46	183	131
5	825243	T	A	51	1	196	5
5	825723	C	T	99	133	188	142
5	826951	C	T	177	155	241	160
5	827712	G	A	200	203	231	142
5	828710	G	C	112	122	246	112
5	830697	T	A	74	68	220	111
5	838123	G	T	255	177	275	112
5	838144	G	T	267	177	259	122
5	838340	C	T	262	166	249	127
5	845569	G	A	102	99	175	73
5	846555	A	C	19	18	220	105
5	848024	G	C	148	103	154	70
5	852215	C	T	134	159	246	133
5	863560	C	T	117	140	248	149
5	895743	C	T	21	18	261	117
5	896768	T	G	66	66	273	148
5	902822	T	C	62	78	218	86
5	921624	G	A	19	28	179	115
5	923631	C	A	213	183	215	171
5	936793	A	G	13	7	103	115
5	948785	A	C	9	10	84	103
5	1009579	T	A	277	178	182	243
6	80717	C	A	83	94	153	95
6	257738	C	T	221	229	297	130
6	258545	G	A	249	192	306	134
6	258546	C	A	252	191	306	134
6	260098	C	A	262	195	319	131
6	266547	T	C	267	189	290	146
6	274285	A	T	72	108	258	123
6	278218	A	G	138	201	174	92
6	529025	T	A	298	149	287	135
6	553964	T	A	263	152	297	103
6	619172	A	C	169	131	267	95
6	625691	A	T	84	45	136	56
6	717905	T	C	220	248	298	132
6	857791	C	A	241	162	283	120
6	883768	G	A	243	171	261	135
6	890729	G	A	241	161	292	99
6	892303	C	T	245	204	301	100
6	893412	A	T	193	175	292	87
6	896036	A	C	236	210	309	112
6	897010	T	C	213	188	334	98
6	910145	A	G	266	154	183	144
6	926355	T	G	67	50	148	83
6	931044	T	G	50	50	172	104
6	931126	A	G	41	55	182	92
6	932620	A	G	66	56	193	113
6	938952	C	T	110	106	182	62
6	944725	A	G	119	152	217	130
6	945648	C	A	169	232	268	134
6	946007	G	A	197	234	267	137
6	952870	G	T	225	224	198	133
6	953911	G	A	261	207	255	156
6	962525	A	C	227	186	215	176
6	964653	A	G	236	187	220	174
6	969109	T	C	239	218	224	213
6	973643	G	A	155	132	184	126
6	974726	A	G	189	121	230	120
6	998208	A	T	122	72	189	121
6	1009390	G	A	256	211	315	117
6	1023215	G	A	261	125	254	109
6	1024745	T	C	274	157	267	102
6	1031627	A	C	122	96	211	92
6	1041532	G	C	230	229	242	90
6	1042552	G	A	253	211	280	119
6	1048630	G	C	215	237	282	143
6	1048868	G	T	208	230	302	120
6	1056029	G	A	189	242	178	81
6	1067230	T	C	248	195	207	175
6	1085318	T	G	162	90	136	128
6	1109275	T	C	184	208	242	134
6	1113482	C	T	267	167	221	152
6	1114115	T	C	254	157	198	106
6	1115209	T	A	255	185	249	144
6	1115722	C	T	239	181	249	138
6	1115787	G	A	224	166	237	128
6	1116871	G	A	220	174	249	171
6	1117130	C	T	245	182	199	112
6	1118145	G	T	275	170	245	158
6	1120209	T	C	212	201	254	125
6	1122668	C	T	39	21	145	87
6	1123475	A	G	103	116	184	100
6	1124140	T	C	67	77	161	76
6	1124238	C	A	36	38	215	110
6	1125122	G	A	114	90	175	99
6	1125355	C	T	127	105	189	103
6	1125475	A	G	142	142	193	100
6	1125925	G	A	218	171	177	113
6	1125942	A	G	211	171	164	112
6	1125945	A	G	204	173	155	112
6	1126161	A	G	177	177	237	127
6	1127136	T	C	223	174	187	105
6	1127352	G	A	227	173	191	112
6	1127373	G	A	243	181	203	118
6	1127518	T	C	217	188	243	145
6	1127997	C	T	259	184	232	127
6	1128006	G	A	252	183	230	129
6	1128063	C	T	243	194	207	118
6	1128078	C	T	257	187	206	118
6	1128144	A	G	238	186	160	94
6	1128210	A	G	246	191	157	93
6	1128808	G	A	259	187	224	126
6	1128864	A	T	249	185	223	118
6	1128885	T	C	235	194	227	127
6	1128917	G	A	233	202	225	134
6	1128930	T	C	216	206	213	125
6	1128982	T	C	230	202	204	113
6	1128983	T	C	231	201	204	114
6	1129201	A	G	212	211	143	87
6	1129411	A	T	180	151	152	93
6	1129453	A	G	171	146	140	99
6	1129471	G	A	163	144	140	105
6	1129518	T	C	170	134	154	114
6	1129565	A	G	163	111	171	118
6	1129581	G	A	161	113	177	126
6	1129661	T	C	155	123	207	116
6	1129663	G	A	156	123	202	115
6	1129801	T	C	231	196	187	102
6	1129849	A	G	229	200	179	108
6	1129886	A	G	216	202	190	113
6	1130104	T	C	226	156	197	134
6	1130124	T	C	235	159	178	108
6	1130125	T	C	237	161	177	110
6	1130369	T	C	156	136	188	114
6	1130400	C	T	143	157	178	111
6	1130432	T	C	157	163	215	124
6	1130736	C	T	199	203	232	125
6	1131643	A	G	226	235	264	167
6	1132329	C	A	223	238	247	148
6	1133281	C	A	217	236	231	162
6	1133357	C	T	212	231	254	174
6	1133818	G	T	203	212	225	140
6	1133976	A	G	208	235	260	162
6	1133994	G	A	202	246	246	160
6	1134060	T	C	202	246	263	148
6	1134109	A	G	215	234	258	135
6	1134194	G	A	234	227	271	154
6	1134354	A	G	228	212	209	132
6	1135026	T	C	249	211	261	168
6	1135691	T	C	213	220	259	141
6	1135721	A	G	219	207	249	160
6	1136050	T	A	215	246	264	165
6	1136252	A	G	202	243	216	155
6	1136633	C	T	209	214	248	160
6	1136672	A	G	225	217	263	147
6	1136700	A	C	230	224	265	152
6	1137713	G	A	217	216	235	158
6	1137820	C	A	213	206	238	181
6	1139276	C	T	199	233	169	131
6	1139902	G	A	201	207	210	169
6	1140237	C	T	200	202	246	165
6	1140898	G	A	215	225	230	156
6	1140917	T	C	220	226	234	162
6	1141165	A	G	171	196	215	166
6	1141839	G	A	118	151	221	170
6	1142134	A	G	143	180	220	175
6	1143557	A	G	197	236	236	187
6	1143607	C	T	205	232	248	193
6	1143769	T	C	198	250	220	201
6	1144525	A	G	174	250	239	185
6	1144701	G	A	183	230	244	191
6	1145833	G	A	44	52	270	180
6	1146096	T	C	40	60	259	191
6	1146405	G	A	27	41	259	182
6	1146870	T	C	219	211	262	172
6	1147144	T	C	241	198	267	175
6	1148231	A	G	135	150	261	180
6	1148396	G	A	170	193	266	168
6	1148870	T	C	240	215	288	167
6	1149101	C	T	241	209	242	168
6	1149551	T	C	241	183	245	138
6	1150475	G	A	233	187	258	182
6	1150955	T	G	145	90	270	143
6	1151346	T	A	254	159	234	141
6	1151462	A	T	238	156	272	155
6	1151535	T	C	216	147	251	153
6	1152255	C	T	274	165	273	168
6	1152300	G	A	265	187	272	158
6	1152774	C	T	257	193	268	173
6	1153087	T	C	266	182	266	146
6	1153341	C	T	234	190	273	164
6	1153478	A	C	221	190	265	165
6	1153681	G	A	336	37	315	53
6	1153687	T	G	335	29	309	37
6	1153867	G	A	267	191	270	167
6	1155698	C	T	224	134	278	135
6	1155863	G	A	115	71	199	123
6	1157154	C	T	253	164	291	153
6	1158521	G	A	250	196	283	150
6	1159922	G	A	148	95	279	138
6	1160705	G	C	207	136	201	112
6	1161079	T	C	153	132	229	118
6	1161354	G	T	76	78	232	124
6	1161355	G	T	76	79	228	126
6	1161356	A	T	77	78	234	126
6	1161629	G	A	88	66	192	109
6	1161642	G	A	88	67	199	109
6	1161755	A	G	120	96	235	94
6	1162649	G	A	174	123	138	63
6	1162676	T	A	171	120	153	72
6	1162800	C	T	129	91	176	90
6	1163160	G	A	223	184	230	124
6	1163610	A	G	206	161	183	141
6	1163632	A	T	206	169	177	140
6	1164660	T	C	211	138	225	139
6	1165082	A	G	184	97	238	129
6	1165164	G	A	193	131	253	155
6	1166408	T	C	205	110	275	105
6	1166482	T	A	178	102	292	122
6	1166762	A	G	190	135	297	112
6	1166982	G	A	243	173	290	140
6	1169013	G	A	94	71	297	100
6	1169052	A	C	74	48	321	96
6	1169121	G	A	58	32	302	98
6	1169196	C	T	68	34	313	100
6	1173263	A	G	62	97	276	161
6	1174801	T	C	87	144	286	135
6	1175808	A	C	180	267	283	164
6	1177126	A	C	161	309	289	153
6	1182743	T	A	201	250	263	153
6	1184912	G	A	170	265	236	171
6	1197039	G	T	212	132	233	127
6	1202673	C	T	109	115	118	89
6	1214010	A	G	170	178	99	142
6	1217125	T	C	212	179	157	179
6	1218994	T	G	250	173	173	203
6	1225912	C	T	99	56	168	172
6	1227408	C	T	94	47	130	126
6	1227764	G	A	9	3	135	130
6	1235753	T	C	274	163	182	195
6	1242156	T	C	225	165	82	72
6	1243062	T	C	255	178	152	138
6	1245532	A	T	198	122	115	108
6	1253071	A	G	216	130	136	165
7	32597	A	G	15	21	295	108
7	33460	A	T	4	2	334	74
7	35758	A	G	2	2	330	96
7	35914	G	C	3	9	311	123
7	36007	A	G	5	5	323	117
7	36057	G	T	6	4	336	89
7	36067	C	T	4	4	338	84
7	36120	G	A	4	1	313	100
7	36282	A	G	2	0	343	98
7	36352	G	T	2	0	367	80
7	36625	G	A	3	0	341	65
7	36628	G	T	3	0	346	68
7	36631	A	G	3	0	385	63
7	36646	A	T	3	1	362	71
7	36652	A	G	2	2	337	74
7	36658	T	G	2	2	332	79
7	36949	C	T	67	2	318	68
7	37405	A	G	43	39	232	70
7	37406	C	A	40	40	235	70
7	49049	G	A	20	8	214	6
7	60420	A	G	240	199	344	26
7	60601	C	T	219	222	288	18
7	61650	T	A	233	207	178	8
7	66127	C	T	121	79	240	10
7	68492	A	G	245	194	234	14
7	82381	A	G	57	67	262	43
7	84388	T	G	114	54	285	43
7	85330	G	T	155	151	226	40
7	87355	T	C	88	59	274	60
7	102114	T	C	239	217	313	66
7	115311	C	T	262	104	335	101
7	116536	T	C	329	129	337	92
7	121178	G	A	320	144	349	104
7	129380	T	C	253	185	292	92
7	155222	G	T	239	193	321	99
7	165357	A	G	143	153	230	87
7	169956	A	G	110	111	230	70
7	171411	A	G	232	193	281	102
7	171539	C	T	247	180	301	105
7	172677	C	T	198	116	309	95
7	172987	G	A	38	24	305	104
7	183433	A	C	62	70	297	113
7	185661	T	C	274	192	295	152
7	200215	T	C	220	209	274	141
7	210709	G	A	151	185	227	145
7	300162	T	G	64	50	133	56
7	301268	C	G	39	26	257	159
7	305857	A	G	37	42	261	119
7	306198	T	C	103	80	246	125
7	308494	A	G	136	100	262	127
7	314131	A	G	246	192	294	114
7	315204	G	A	256	150	317	133
7	315208	G	A	256	151	321	136
7	318927	G	C	230	209	227	90
7	325529	C	T	239	154	204	127
7	326071	A	G	241	145	271	140
7	326936	A	G	118	69	281	149
7	328180	G	A	33	27	218	154
7	330324	A	G	90	36	266	134
7	334563	T	C	315	128	283	135
7	335845	A	G	323	121	288	139
7	337183	A	C	318	128	276	101
7	347124	T	G	262	196	327	137
7	347491	T	G	289	179	312	110
7	348801	G	A	283	143	310	116
7	349230	C	T	212	107	306	97
7	349377	T	G	245	117	326	105
7	349623	A	G	217	105	291	86
7	350671	A	G	277	161	282	107
7	351428	T	A	207	209	283	136
7	361046	G	A	150	246	175	130
7	378869	C	T	26	24	265	142
7	379031	G	A	103	83	260	161
7	411487	G	A	258	194	325	119
7	422683	A	T	236	180	271	116
7	448015	C	T	284	146	207	99
7	469460	C	T	244	195	163	117
7	473567	C	T	159	120	246	165
7	476602	A	G	203	155	226	171
7	482247	G	A	246	151	238	148
7	492153	T	C	278	168	243	154
7	493226	A	G	272	185	239	166
7	493335	T	C	278	187	281	167
7	500630	T	C	207	244	231	175
7	509033	G	A	261	207	309	145
7	520137	T	A	269	181	273	159
7	526169	T	A	206	256	246	140
7	537185	T	A	167	268	244	155
7	554067	A	T	230	196	234	145
7	559344	C	T	261	183	233	161
7	606760	C	T	250	162	236	162
7	608350	A	G	260	164	244	162
7	610009	G	A	241	202	259	143
7	666943	A	T	183	161	246	139
7	713340	A	G	242	177	250	121
7	722064	A	G	175	115	280	101
7	735689	G	T	139	123	221	102
7	767446	T	A	223	218	254	143
7	768936	T	A	119	101	266	122
7	808308	T	C	123	153	236	126
7	821339	T	C	224	204	278	119
7	828199	A	C	114	90	180	81
7	829727	C	T	186	108	161	87
7	837666	G	A	254	182	219	128
7	860410	A	G	221	125	146	65
7	866854	A	G	257	152	267	107
7	875319	C	T	165	123	128	82
7	932569	T	C	158	125	269	114
7	949719	T	A	321	93	173	71
7	949794	T	A	295	112	154	56
7	949932	A	T	290	130	181	70
7	950253	A	T	327	44	92	28
7	950256	A	T	333	45	92	28
7	950259	A	T	336	38	86	27
7	950283	T	A	309	55	103	30
7	950376	A	T	302	48	76	26
7	950379	A	T	294	52	81	28
7	950517	T	A	319	76	100	33
7	950637	T	A	376	61	113	45
7	963897	C	T	127	84	260	108
7	970131	T	C	126	125	217	109
7	1025871	C	T	206	219	223	148
7	1050552	T	C	257	192	291	137
7	1051098	T	G	230	198	248	162
7	1052491	C	T	269	187	261	169
7	1055357	C	A	124	71	219	122
7	1055442	G	A	251	126	253	136
7	1055627	T	A	275	191	262	145
7	1055661	A	C	279	177	274	147
7	1055689	T	C	270	165	264	141
7	1055982	C	T	291	168	263	116
7	1055999	T	C	292	166	259	117
7	1056119	A	C	286	57	243	30
7	1056211	G	A	297	9	198	19
7	1056216	T	C	301	8	179	14
7	1056221	A	C	309	15	174	6
7	1056333	G	A	319	125	221	95
7	1056345	A	C	306	137	218	101
7	1056356	T	C	292	154	223	106
7	1056357	C	A	295	147	229	103
7	1056368	G	A	269	161	240	115
7	1056429	C	T	273	178	244	134
7	1056493	G	A	272	178	258	150
7	1056601	C	A	280	173	262	139
7	1056715	T	C	253	182	231	117
7	1056717	G	T	254	184	229	117
7	1056750	G	A	248	197	211	106
7	1056753	C	A	250	194	204	108
7	1056767	A	G	248	210	209	120
7	1056770	A	G	244	208	208	120
7	1056792	A	G	242	213	208	133
7	1056799	T	C	233	189	216	123
7	1056802	C	A	246	189	217	123
7	1056803	G	A	248	187	214	124
7	1056814	T	G	248	195	218	124
7	1056831	A	G	234	199	213	105
7	1056838	T	A	241	191	215	104
7	1056841	A	T	241	194	211	102
7	1056858	C	A	252	210	227	125
7	1056868	A	G	256	196	227	127
7	1056889	C	T	260	188	238	126
7	1056899	A	T	270	185	235	123
7	1056923	C	T	268	198	249	128
7	1056925	A	G	270	197	254	129
7	1056959	G	A	258	202	253	140
7	1056966	A	C	253	201	255	140
7	1056974	A	G	259	190	256	138
7	1056979	G	A	250	193	251	135
7	1056991	T	C	261	188	245	129
7	1057000	T	C	269	192	258	124
7	1057023	T	C	274	191	281	134
7	1057043	A	G	279	179	287	124
7	1057063	C	T	296	124	282	72
7	1057064	G	A	291	125	283	75
7	1057066	C	T	297	125	285	73
7	1057067	G	A	297	125	286	71
7	1057074	G	A	295	174	274	94
7	1057084	C	A	295	178	279	101
7	1057086	A	G	288	177	275	97
7	1057119	A	T	284	176	285	119
7	1057121	T	A	283	180	285	122
7	1057158	A	T	267	195	265	119
7	1057170	G	A	276	180	265	113
7	1057179	G	A	283	180	271	114
7	1057185	A	G	284	162	269	107
7	1057187	T	C	289	161	271	107
7	1057188	T	C	287	158	268	107
7	1057191	C	T	290	164	266	107
7	1057251	G	A	309	151	210	112
7	1057308	G	A	305	162	251	128
7	1057470	G	C	270	178	245	141
7	1057544	G	C	262	191	261	149
7	1057560	C	T	263	175	265	122
7	1057564	A	T	264	186	260	144
7	1057625	C	T	271	181	266	127
7	1057630	C	T	273	177	269	121
7	1057633	T	C	276	176	268	120
7	1057650	C	A	270	183	263	121
7	1057665	C	T	276	170	255	106
7	1057666	G	A	272	167	255	101
7	1057680	T	C	272	187	243	108
7	1057703	C	A	271	187	246	106
7	1057704	A	G	274	186	250	108
7	1057712	G	A	280	187	253	109
7	1057713	G	A	279	183	255	107
7	1057725	G	A	280	188	250	112
7	1057813	T	A	253	170	231	106
7	1057890	G	A	253	192	267	125
7	1057946	C	A	248	179	267	105
7	1057947	A	G	245	179	269	104
7	1057950	T	A	253	179	267	107
7	1058005	A	G	247	190	276	113
7	1058033	T	G	249	177	296	117
7	1058058	A	G	249	176	288	131
7	1058065	C	T	248	183	283	132
7	1058935	A	G	248	188	261	133
7	1065843	T	A	208	235	275	139
7	1073164	C	T	245	224	271	120
7	1075327	C	T	173	144	281	122
7	1076039	T	C	225	228	294	128
7	1079596	G	A	239	220	275	140
7	1146918	A	G	182	149	279	110
7	1147058	C	T	212	148	258	95
7	1148344	T	A	202	166	288	81
7	1150749	T	C	186	142	277	104
7	1150888	A	G	260	178	295	100
7	1150990	C	T	240	158	273	96
7	1160318	A	C	199	117	339	89
7	1168329	G	A	302	152	350	87
7	1169115	C	T	340	127	394	57
7	1173363	G	A	88	54	284	57
7	1189417	C	T	198	258	237	149
7	1193605	G	A	180	271	294	148
7	1194057	T	C	174	270	272	146
7	1196878	A	G	221	200	298	115
7	1200973	C	T	238	198	304	136
7	1208946	T	C	205	168	239	98
7	1209973	G	A	248	178	241	106
7	1210097	A	G	242	205	276	138
7	1210423	G	A	228	223	272	149
7	1210531	A	G	222	212	259	121
7	1210574	A	G	243	209	275	111
7	1210624	C	T	238	205	293	133
7	1210642	T	C	243	202	296	131
7	1211098	C	T	234	187	266	120
7	1211197	G	A	187	151	285	115
7	1219760	A	G	148	84	252	135
7	1222178	C	T	72	67	219	135
7	1222320	C	T	32	24	201	121
7	1225903	G	A	121	114	205	119
7	1226429	C	T	37	33	175	110
7	1228951	C	T	65	47	135	87
7	1230049	C	A	75	59	193	92
7	1234761	G	A	243	193	257	118
7	1235059	C	A	207	156	171	80
7	1235306	A	T	112	101	173	88
7	1240882	T	A	40	33	229	90
7	1244570	A	C	210	94	237	129
7	1249220	G	A	161	70	242	149
7	1249945	T	C	212	91	276	143
7	1255902	A	C	87	51	228	169
7	1260268	G	A	252	178	213	156
7	1260493	G	A	242	204	238	170
7	1260643	G	C	251	184	253	138
7	1262644	A	G	217	205	176	134
7	1264275	G	A	222	231	220	171
7	1264881	G	A	211	245	182	118
7	1267786	T	C	224	234	232	161
7	1268667	T	A	228	233	257	181
7	1277813	C	T	276	174	253	177
7	1287197	T	A	258	144	174	114
7	1287994	T	G	288	151	171	107
7	1296479	C	T	102	81	134	115
7	1299854	T	G	182	112	149	101
7	1300306	G	A	119	64	121	98
7	1312184	T	C	126	144	65	61
7	1313116	C	A	205	204	107	82
7	1316362	G	A	245	68	302	41
8	26150	G	T	212	213	274	46
8	28612	A	G	203	262	327	45
8	35881	A	G	216	250	362	61
8	81887	G	A	250	157	347	34
8	132714	C	G	87	49	217	4
8	164962	G	A	249	165	305	102
8	164995	T	C	242	181	275	92
8	165019	T	C	295	14	263	6
8	178552	A	C	175	10	165	29
8	182668	C	T	121	131	155	57
8	203744	A	G	299	137	272	119
8	246363	T	A	241	145	235	135
8	299740	T	C	131	69	284	133
8	300386	T	A	256	99	133	70
8	300389	T	A	304	96	128	67
8	300392	T	A	308	95	134	67
8	355261	A	G	79	66	249	126
8	370306	T	A	65	96	180	108
8	445672	A	G	265	174	223	176
8	462119	C	T	229	175	143	91
8	475172	G	A	260	199	246	181
8	476021	T	A	247	167	202	192
8	477170	G	A	249	195	217	189
8	479042	C	A	239	190	183	239
8	481474	A	G	258	181	200	240
8	483479	A	G	174	146	181	237
8	483699	C	T	70	45	203	230
8	493095	G	A	201	161	181	170
8	495313	A	G	255	197	217	182
8	509259	A	G	36	38	196	249
8	520584	T	C	104	108	209	99
8	520880	C	T	107	145	173	99
8	526923	A	G	253	184	298	127
8	527228	A	G	242	179	298	115
8	534633	T	G	119	87	291	129
8	542194	G	A	263	192	226	108
8	546395	T	C	34	29	174	79
8	547410	G	A	105	95	211	97
8	554879	C	T	65	40	196	95
8	556808	C	T	223	175	255	128
8	566065	T	C	215	141	265	121
8	575867	C	T	251	156	262	140
8	581205	G	T	241	165	216	126
8	587594	A	G	44	30	177	96
8	606856	A	G	176	138	284	130
8	609986	G	A	90	47	191	155
8	615371	A	G	223	114	221	151
8	620887	T	A	140	119	152	106
8	621512	A	G	115	86	212	128
8	622369	C	G	233	165	223	125
8	622463	A	G	202	145	229	132
8	623688	T	A	174	111	147	85
8	625101	T	C	205	141	189	137
8	625950	T	C	80	71	176	96
8	626077	G	A	73	45	157	117
8	626100	A	G	69	45	157	114
8	626480	A	G	124	114	197	128
8	626535	G	A	139	144	168	133
8	628826	G	A	172	132	211	166
8	629218	C	T	129	123	251	168
8	633354	C	G	77	51	168	87
8	635130	G	A	228	185	217	129
8	637861	C	T	244	205	233	158
8	641817	T	C	243	214	236	187
8	643053	C	T	249	205	200	148
8	643370	C	A	239	140	240	146
8	644876	A	T	278	147	226	170
8	645315	A	G	270	181	248	182
8	645539	T	C	255	201	247	193
8	645723	C	T	267	189	238	186
8	645821	C	A	252	184	265	175
8	645946	G	A	275	186	281	154
8	663609	G	T	193	150	220	180
8	672421	G	A	287	168	173	140
8	674383	G	C	267	160	215	167
8	681613	G	C	148	97	211	124
8	695441	A	C	109	40	100	64
8	698252	C	T	253	122	170	103
8	701727	C	A	126	66	161	132
8	703707	A	G	102	61	225	161
8	706200	C	T	203	187	224	162
8	724420	T	A	295	62	206	82
8	724426	T	A	288	65	213	85
8	733536	T	C	161	212	216	178
8	740270	A	G	218	236	251	174
8	756899	T	C	216	216	222	119
8	759577	A	C	226	216	138	73
8	766409	G	C	182	179	211	177
8	780115	G	T	220	217	195	167
8	783560	A	G	140	148	166	114
8	783617	A	G	150	144	180	150
8	786426	A	G	6	17	153	128
8	789174	T	G	97	139	159	90
8	805928	G	A	203	138	221	175
8	808851	A	T	214	222	215	176
8	811629	T	C	215	229	217	161
8	812954	C	A	178	148	164	144
8	814167	G	A	229	177	146	117
8	818732	C	T	113	140	199	121
8	828248	T	A	34	32	229	189
8	828453	T	A	137	123	223	167
8	830758	C	T	241	224	263	136
8	831625	T	C	212	212	230	163
8	836332	G	A	254	183	219	159
8	852203	T	C	212	145	201	147
8	853182	G	A	239	176	235	172
8	854358	C	A	258	195	212	135
8	865009	G	A	232	196	177	123
8	874728	C	T	214	116	237	158
8	877940	C	T	273	152	247	166
8	878600	T	G	125	101	209	156
8	883570	C	T	271	162	185	156
8	884132	G	A	264	102	34	19
8	884617	T	C	269	202	131	115
8	891449	C	T	152	130	148	96
8	892813	A	G	80	85	128	110
8	894661	G	A	87	69	117	95
8	897276	G	A	115	78	114	93
8	897725	G	T	136	103	125	74
8	904709	T	C	194	197	163	149
8	907220	C	G	241	174	170	121
8	908358	G	A	221	174	201	122
8	908971	T	C	174	156	137	111
8	912569	T	C	236	232	238	142
8	919875	G	T	219	136	151	104
8	930103	A	G	123	118	235	159
8	944277	T	G	206	222	200	103
8	944352	A	G	227	205	203	131
8	945822	A	G	198	158	185	134
8	951945	G	T	137	103	252	162
8	952184	C	A	144	156	181	122
8	952484	G	A	198	192	209	142
8	964783	A	C	109	67	209	132
8	966913	A	G	274	174	248	159
8	970433	A	G	181	121	238	165
8	975871	A	G	237	135	226	119
8	979720	C	T	133	113	146	139
8	979860	A	G	155	139	152	143
8	1001137	A	G	13	5	252	130
8	1005724	C	A	200	129	244	147
8	1018603	A	G	230	208	276	123
8	1019097	T	C	213	209	258	154
8	1025503	T	A	167	177	213	132
8	1026391	G	A	91	102	212	133
8	1031304	G	A	9	9	232	133
8	1034063	G	A	315	138	250	145
8	1040035	T	G	55	16	279	116
8	1040541	C	T	132	53	249	156
8	1041700	T	C	207	78	208	125
8	1042258	A	C	266	116	212	132
8	1045891	G	A	128	67	115	76
8	1049169	A	C	239	115	253	137
8	1050998	T	A	221	86	205	176
8	1053000	T	C	252	125	191	176
8	1053075	A	G	260	114	238	169
8	1053158	T	C	202	96	228	152
8	1057093	A	G	38	21	241	154
8	1058585	A	G	100	75	236	178
8	1063663	C	A	160	121	192	125
8	1070238	G	A	99	45	103	64
8	1070455	C	T	106	55	140	96
8	1077854	C	A	123	95	243	187
8	1083743	G	A	110	25	213	29
8	1090645	T	G	115	76	210	177
8	1095126	T	C	276	147	145	154
8	1096950	T	C	181	126	117	136
8	1099591	G	A	11	2	169	184
8	1150042	T	A	83	66	132	170
8	1150077	A	T	72	53	143	193
8	1154740	C	A	38	27	156	209
8	1232237	T	G	289	173	236	214
8	1238422	T	C	172	182	184	100
8	1252306	C	T	161	99	174	140
8	1252793	G	A	96	55	182	136
