CHROM	POS	REF	ALT	AD_REF.W389	AD_ALT.W389	AD_REF.W472	AD_ALT.W472
1	31104	G	A	77	115	11	3
1	31410	A	C	112	125	13	1
1	40663	G	A	181	158	15	7
1	52322	C	A	54	70	10	0
1	73671	G	A	255	189	29	11
1	74017	G	A	254	169	33	7
1	82174	G	A	134	105	15	6
1	83228	C	A	92	79	5	4
1	83264	T	C	94	83	8	4
1	84317	C	T	100	100	17	3
1	85211	A	G	117	109	13	5
1	85278	A	T	122	100	16	5
1	87126	T	C	163	131	11	4
1	107180	G	A	132	125	14	5
1	109428	T	A	222	234	27	11
1	132074	T	A	269	132	13	10
1	136286	G	A	260	190	25	16
1	303924	C	T	116	142	13	8
1	698027	C	A	208	209	23	5
1	715530	T	C	158	215	17	7
1	732150	G	A	169	229	11	1
1	755389	A	G	226	180	7	14
1	758101	A	T	186	135	7	4
1	773113	C	A	214	218	18	3
1	807015	C	T	167	162	5	14
1	814587	T	C	239	196	16	31
1	844126	C	T	197	195	11	16
1	855001	C	T	202	241	20	15
2	23546	T	A	203	151	20	5
2	23946	T	C	219	135	15	13
2	40644	C	T	157	242	18	4
2	41909	A	C	133	189	11	1
2	55683	A	G	242	189	9	14
2	60284	T	G	202	170	14	7
2	65095	C	T	139	78	7	7
2	65932	G	T	154	96	11	12
2	98233	G	A	183	235	11	14
2	98242	T	A	192	232	13	13
2	98245	A	G	193	223	13	12
2	111770	A	G	215	214	8	5
2	113740	T	C	197	190	14	7
2	115723	C	A	153	144	3	1
2	129854	A	G	171	130	5	2
2	136116	G	A	199	213	17	11
2	146433	G	A	219	213	19	17
2	151591	A	G	216	169	16	12
2	159333	C	T	265	168	16	11
2	160241	G	A	291	171	17	13
2	161404	G	A	274	192	17	20
2	163139	T	C	277	184	41	25
2	163180	C	T	274	185	42	24
2	165521	T	A	243	199	14	19
2	166835	C	T	251	212	21	15
2	166888	T	C	260	189	28	26
2	167214	A	T	259	209	18	22
2	168270	C	T	241	223	46	19
2	168439	C	T	236	196	38	17
2	168473	T	C	225	185	34	15
2	172043	G	T	301	172	26	7
2	172561	T	A	268	34	31	6
2	173072	G	A	258	198	32	9
2	181477	G	A	216	215	7	15
2	181650	T	C	218	191	10	15
2	181854	C	T	205	206	18	17
2	182024	A	G	191	217	12	20
2	185029	T	C	189	184	9	11
2	186225	T	G	223	214	10	13
2	187750	A	G	233	188	8	8
2	189352	A	C	199	242	19	25
2	189948	T	C	190	263	20	28
2	195761	T	A	198	226	15	10
2	198179	T	C	206	200	17	16
2	198180	T	C	202	198	16	16
2	202948	A	G	191	200	12	11
2	229557	A	C	176	249	14	16
2	230196	T	C	180	277	12	9
2	232084	A	G	133	22	6	1
2	237046	A	G	177	120	12	16
2	237908	C	T	161	158	6	11
2	241490	C	T	134	147	16	3
2	249335	A	G	164	177	16	8
2	267621	A	T	194	163	22	9
2	282383	C	T	233	208	17	5
2	282713	T	C	222	193	22	8
2	283102	G	A	218	202	28	8
2	283330	G	A	218	180	15	10
2	283543	C	T	218	202	14	8
2	283672	T	C	237	219	18	7
2	287664	G	A	223	179	16	4
2	292951	G	T	196	153	12	4
2	296881	A	G	251	192	30	11
2	301577	A	G	142	117	12	4
2	304525	A	G	71	84	13	8
2	305137	G	A	83	62	5	1
2	327378	G	A	161	142	18	6
2	327578	C	T	167	145	14	4
2	336076	G	A	219	190	22	5
2	352109	G	A	133	147	10	2
2	356342	A	C	137	143	11	4
2	359393	T	C	136	133	15	4
2	365814	T	A	172	125	17	6
2	381947	A	G	163	204	16	3
2	386699	C	T	212	226	18	10
2	388085	A	C	152	182	17	4
2	398419	G	A	195	191	22	10
2	411698	C	A	171	120	18	7
2	411968	G	A	159	117	17	3
2	416247	T	G	194	175	26	9
2	423427	A	G	199	180	21	3
2	430031	T	C	190	218	20	5
2	463571	T	G	217	218	27	3
2	465440	T	C	204	144	12	4
2	545038	C	T	209	177	20	2
2	557007	A	G	185	147	13	12
2	561273	C	G	201	167	21	12
2	570663	G	A	223	199	25	7
2	577564	A	G	111	97	8	2
2	584178	T	A	175	158	19	6
2	585521	C	T	133	130	19	2
2	588254	G	C	210	242	26	6
2	589928	G	T	203	219	16	8
2	611546	C	T	186	191	15	7
2	620053	G	T	150	157	9	5
2	645307	G	A	128	124	15	5
2	654388	A	G	220	213	20	7
2	657007	A	T	133	114	21	9
2	657159	T	A	227	203	14	3
2	675350	A	G	197	227	16	7
2	681722	T	C	132	149	9	2
2	681862	A	G	142	165	7	5
2	685966	T	C	231	148	16	2
2	685967	C	T	234	154	16	2
2	686016	A	G	271	153	21	2
2	686144	G	T	248	128	26	2
2	686164	A	G	225	125	23	2
2	686168	A	G	224	124	24	2
2	703900	C	T	118	96	13	4
2	715999	C	A	138	175	11	4
2	746853	G	A	238	211	24	13
2	750166	G	A	201	259	31	18
2	785378	T	C	215	178	17	10
2	801683	G	T	192	226	15	11
2	801698	A	T	199	201	16	11
2	822759	T	A	140	89	11	6
2	867406	G	A	124	118	0	10
2	867690	C	A	147	155	1	15
2	868610	C	T	136	122	2	14
2	882846	A	G	84	71	5	12
2	915396	A	G	120	143	4	13
2	919021	G	A	103	133	6	6
2	927445	A	G	206	220	14	25
2	928068	T	C	216	229	22	27
3	7056	C	T	137	158	5	12
3	10626	A	T	207	218	10	14
3	15813	T	C	223	221	9	20
3	15997	G	A	194	225	14	30
3	16876	A	C	187	221	14	19
3	22643	T	C	131	159	11	8
3	23276	G	T	126	119	7	8
3	23846	T	A	128	146	5	7
3	26099	C	G	201	209	9	14
3	26125	A	G	223	209	9	14
3	27895	T	A	139	158	5	16
3	34627	G	A	207	229	9	13
3	36296	G	A	215	228	23	24
3	46834	A	T	200	195	13	17
3	50708	T	G	166	129	12	18
3	58804	C	A	132	107	6	11
3	76579	G	A	208	194	11	16
3	78940	T	A	127	125	3	10
3	89160	A	G	80	69	5	14
3	94523	A	G	221	155	10	20
3	94806	G	A	172	133	5	15
3	95613	G	C	173	149	4	12
3	96554	C	A	190	154	11	21
3	102291	C	T	216	167	8	22
3	103469	C	A	168	149	8	22
3	103639	C	T	210	157	5	15
3	103794	T	C	218	186	2	21
3	103948	T	G	214	200	3	20
3	104045	C	A	226	205	8	21
3	109686	G	A	174	139	4	22
3	114518	G	A	172	163	2	19
3	115087	C	T	197	165	8	18
3	115535	T	C	150	155	5	8
3	118260	G	A	149	181	5	12
3	127366	T	C	186	190	7	19
3	134908	T	A	158	158	1	12
3	135390	C	T	194	154	3	17
3	135391	C	T	197	153	3	17
3	138894	A	G	192	181	2	7
3	145262	A	T	183	231	2	17
3	148866	G	A	195	256	2	12
3	150336	A	G	232	221	7	10
3	152405	C	T	212	213	0	12
3	152407	T	C	223	211	0	12
3	163073	T	C	233	165	4	27
3	163924	C	T	175	133	1	10
3	163990	A	C	152	137	0	14
3	173820	A	G	176	186	6	14
3	192170	A	G	243	146	10	16
3	199815	G	C	136	118	0	18
3	200362	G	A	94	91	2	7
3	201734	C	T	116	67	1	4
3	209502	A	G	161	171	3	15
3	218094	C	T	134	162	6	15
3	222215	T	C	133	110	3	12
3	222391	T	C	118	133	1	12
3	223545	A	C	118	145	14	9
3	224434	C	T	120	125	5	10
3	224719	C	T	107	122	7	10
3	224736	A	G	103	98	7	9
3	225022	A	C	136	138	5	9
3	226443	T	A	117	116	4	10
3	231270	T	A	166	93	7	6
3	231271	G	A	164	92	7	7
3	231272	A	T	166	93	7	7
3	231273	G	C	167	89	7	7
3	231442	C	T	178	129	14	13
3	231797	A	G	202	136	17	7
3	232480	T	C	151	148	3	8
3	233353	G	A	191	152	11	13
3	233818	C	T	185	159	9	9
3	233863	A	C	173	157	8	9
3	235069	G	A	175	160	8	11
3	235613	A	G	201	197	15	8
3	236451	C	T	188	155	9	8
3	237328	G	A	173	198	18	12
3	237383	G	C	182	149	18	10
3	237384	C	T	186	151	18	10
3	237385	T	C	189	149	20	9
3	237388	T	C	192	149	18	10
3	237391	T	C	191	149	17	10
3	237394	C	T	189	149	18	10
3	237796	T	A	106	96	6	10
3	240082	G	A	77	52	15	2
3	240163	A	T	52	52	11	1
3	240181	A	T	51	53	12	2
3	240262	C	T	56	53	7	4
3	240265	T	A	59	51	6	4
3	240277	T	A	57	60	7	4
3	240478	A	T	68	70	6	6
3	248344	C	T	99	134	6	7
3	248695	A	T	82	81	6	0
3	250427	G	A	85	121	7	5
3	251071	C	T	74	101	7	6
3	252364	T	A	60	74	2	4
3	252367	T	A	60	74	2	5
3	278239	C	A	174	217	15	5
3	339523	A	T	117	90	14	3
3	343070	T	C	158	162	12	1
3	348766	T	C	179	177	8	5
3	355620	G	T	148	177	13	5
3	360495	C	A	227	193	19	15
3	668648	G	A	209	220	22	19
3	908697	T	A	180	146	15	6
3	908702	A	G	178	134	14	5
3	908955	A	G	186	143	8	4
3	909215	A	C	174	115	4	7
3	909439	T	A	182	138	7	10
3	910180	G	A	167	124	8	8
3	910744	G	A	191	138	14	9
3	910794	A	G	203	152	13	7
3	910978	G	A	205	160	11	6
3	912899	G	A	167	126	12	4
3	914553	C	A	208	140	15	6
3	933539	T	A	90	87	5	9
3	934851	T	C	101	89	3	12
3	937326	A	T	106	94	7	12
3	939294	A	G	104	101	2	11
3	940541	T	C	86	105	4	10
3	941957	C	T	117	124	8	10
3	951923	A	T	108	138	5	11
3	976435	A	T	213	215	12	18
3	980581	G	A	150	139	7	6
3	986577	T	C	139	150	7	7
3	990685	G	A	165	202	9	16
3	990686	T	A	144	198	5	16
3	990687	C	T	162	200	8	15
3	991106	T	A	173	186	12	17
3	993766	A	G	155	153	7	14
3	995454	C	T	121	126	7	8
3	998674	G	A	129	151	6	5
3	1004905	G	A	209	216	9	13
3	1006498	T	C	234	201	13	17
3	1007113	T	A	197	213	8	22
3	1014545	T	C	85	108	5	1
3	1019826	C	T	193	215	9	12
3	1024093	C	A	164	153	7	14
3	1032375	A	T	146	186	7	15
3	1071755	A	T	102	88	6	3
3	1074355	A	T	140	29	6	1
3	1074418	G	C	164	5	7	0
3	1074422	G	A	161	5	7	0
3	1074425	C	T	160	5	7	0
3	1074438	C	A	159	29	7	4
3	1074439	T	C	159	29	8	4
3	1074441	A	T	161	29	6	4
3	1085814	A	C	202	197	14	16
4	216867	A	G	244	167	21	7
4	216868	A	G	243	172	21	7
4	216876	G	A	247	201	19	10
4	216990	G	A	243	210	18	7
4	219771	C	T	272	186	12	0
4	221362	T	C	268	192	10	5
4	229537	G	C	240	189	21	6
4	230324	T	C	214	206	30	13
4	230517	C	T	247	199	32	5
4	230794	A	G	227	181	24	5
4	232370	A	G	239	173	22	6
4	237249	A	G	151	139	9	4
4	237812	C	T	176	126	7	7
4	256412	A	G	95	101	10	2
4	261851	G	A	108	90	9	2
4	262728	G	A	80	85	7	2
4	264493	A	G	105	99	16	2
4	293035	A	C	220	194	18	4
4	294971	G	A	201	181	14	0
4	312195	A	G	136	135	16	1
4	320981	T	A	240	131	30	1
4	396828	T	C	227	185	14	13
4	399365	A	C	181	164	6	11
4	408855	A	G	244	171	12	27
4	425449	A	G	222	179	22	21
4	551146	T	C	239	201	29	26
4	568732	G	A	183	193	8	14
4	582845	G	A	247	205	30	28
4	587056	G	T	216	185	14	13
4	625854	G	A	138	159	12	10
4	655206	A	G	146	107	9	12
4	675713	G	A	107	108	5	10
4	791159	T	C	129	133	7	7
4	806864	A	C	123	184	6	8
4	890254	A	C	137	106	8	4
4	900323	G	C	117	109	8	7
4	911755	C	A	124	113	6	10
4	912899	G	A	132	115	6	9
4	923333	T	G	120	117	12	12
4	928639	A	G	188	197	11	10
4	930187	C	A	203	199	12	14
4	935117	G	A	100	129	5	9
4	943013	A	G	169	166	16	14
4	943332	T	C	144	151	6	5
4	962743	C	T	95	58	3	11
4	973644	T	C	197	204	10	10
4	976096	A	C	231	198	13	24
4	977018	T	C	222	214	17	22
4	977963	A	G	237	197	16	17
4	978116	A	G	215	223	16	13
4	978613	A	T	202	216	12	10
4	994328	C	T	148	163	9	8
4	996003	C	T	207	221	17	14
4	1002989	A	C	142	173	11	15
4	1003595	G	T	145	154	12	5
4	1004085	T	C	131	105	9	6
4	1089461	T	C	165	175	12	18
5	168062	C	A	125	109	11	2
5	170080	T	C	209	153	16	9
5	308830	A	T	30	22	5	2
5	452244	T	C	152	94	15	6
5	627816	C	T	142	141	8	7
5	655171	T	G	114	106	10	6
5	655669	T	C	162	144	10	10
5	659024	A	C	139	104	13	6
5	666859	A	C	250	198	12	8
5	671266	T	G	298	61	39	11
5	671272	T	G	300	65	38	11
5	673433	T	A	225	18	20	0
5	695336	A	T	225	213	32	18
5	737858	A	C	76	106	4	7
5	747783	G	A	206	186	8	5
5	772978	A	C	219	187	16	13
5	773357	C	T	216	212	27	13
5	780443	A	G	154	138	9	9
5	788196	A	G	128	112	12	3
5	813249	A	C	129	148	13	4
5	823050	G	A	93	100	9	4
5	823735	A	G	86	84	1	5
5	825172	G	C	108	127	7	6
5	825243	T	A	124	13	7	1
5	825723	C	T	154	159	10	4
5	826951	C	T	175	183	11	17
5	827712	G	A	188	174	14	15
5	828710	G	C	199	166	10	11
5	830697	T	A	155	152	5	13
5	838123	G	T	198	207	29	5
5	838144	G	T	179	189	29	5
5	838340	C	T	142	152	22	3
5	845569	G	A	126	124	7	6
5	846555	A	C	139	128	15	6
5	848024	G	C	182	102	13	1
5	852215	C	T	182	185	10	6
5	863560	C	T	193	200	22	6
5	895743	C	T	167	202	28	4
5	896768	T	G	177	200	11	2
5	902822	T	C	146	140	5	7
5	921624	G	A	118	93	10	3
5	923631	C	A	206	192	15	12
5	936793	A	G	116	145	7	8
5	948785	A	C	66	70	7	1
5	1009579	T	A	205	245	17	6
6	80717	C	A	110	118	8	4
6	257738	C	T	245	204	32	7
6	258545	G	A	211	243	28	11
6	258546	C	A	206	244	28	10
6	260098	C	A	222	209	19	8
6	266547	T	C	210	237	23	6
6	274285	A	T	139	135	17	2
6	278218	A	G	127	135	13	8
6	529025	T	A	175	239	9	9
6	553964	T	A	156	175	7	4
6	619172	A	C	138	106	13	9
6	625691	A	T	73	55	6	2
6	717905	T	C	253	218	36	3
6	857791	C	A	202	200	25	3
6	883768	G	A	162	183	9	7
6	890729	G	A	224	204	32	7
6	892303	C	T	203	224	25	4
6	893412	A	T	204	210	17	6
6	896036	A	C	204	225	24	3
6	897010	T	C	226	214	24	2
6	910145	A	G	193	185	10	3
6	926355	T	G	93	108	4	1
6	931044	T	G	139	123	7	0
6	931126	A	G	138	119	5	1
6	932620	A	G	169	149	9	0
6	938952	C	T	165	98	2	2
6	944725	A	G	192	116	3	0
6	945648	C	A	185	125	17	2
6	946007	G	A	245	143	11	3
6	952870	G	T	230	188	16	5
6	953911	G	A	276	160	13	4
6	962525	A	C	218	216	9	4
6	964653	A	G	188	202	8	1
6	969109	T	C	220	220	17	1
6	973643	G	A	187	184	10	2
6	974726	A	G	180	172	12	3
6	998208	A	T	156	142	8	5
6	1009390	G	A	209	246	28	20
6	1023215	G	A	168	184	11	6
6	1024745	T	C	196	189	10	7
6	1031627	A	C	109	124	3	4
6	1041532	G	C	193	211	15	8
6	1042552	G	A	222	195	17	6
6	1048630	G	C	220	219	18	13
6	1048868	G	T	206	228	12	9
6	1056029	G	A	159	153	11	7
6	1067230	T	C	186	227	27	11
6	1085318	T	G	131	160	10	4
6	1109275	T	C	154	134	19	8
6	1113482	C	T	162	171	19	8
6	1114115	T	C	145	135	21	3
6	1115209	T	A	205	173	22	6
6	1115722	C	T	184	211	20	11
6	1115787	G	A	186	204	20	7
6	1116871	G	A	166	188	10	11
6	1117130	C	T	145	138	9	3
6	1118145	G	T	166	183	13	5
6	1120209	T	C	173	155	15	4
6	1122668	C	T	105	91	3	0
6	1123475	A	G	132	97	9	2
6	1124140	T	C	83	85	6	2
6	1124238	C	A	117	95	7	2
6	1125122	G	A	126	79	7	5
6	1125355	C	T	140	101	8	3
6	1125475	A	G	181	126	13	4
6	1125925	G	A	149	116	14	3
6	1125942	A	G	133	122	13	3
6	1125945	A	G	123	125	13	3
6	1126161	A	G	156	127	10	4
6	1127136	T	C	157	119	12	4
6	1127352	G	A	167	140	13	3
6	1127373	G	A	164	130	12	6
6	1127518	T	C	197	112	6	6
6	1127997	C	T	146	142	12	7
6	1128006	G	A	145	137	13	7
6	1128063	C	T	135	127	11	5
6	1128078	C	T	137	131	11	5
6	1128144	A	G	128	109	11	6
6	1128210	A	G	146	100	19	6
6	1128808	G	A	157	137	9	6
6	1128864	A	T	148	123	12	6
6	1128885	T	C	145	126	12	4
6	1128917	G	A	154	129	12	4
6	1128930	T	C	142	118	12	4
6	1128982	T	C	144	118	13	5
6	1128983	T	C	141	119	14	5
6	1129201	A	G	118	95	12	3
6	1129411	A	T	123	107	8	2
6	1129453	A	G	146	110	11	2
6	1129471	G	A	145	110	12	3
6	1129518	T	C	154	110	11	3
6	1129565	A	G	145	104	12	3
6	1129581	G	A	159	111	14	3
6	1129661	T	C	175	113	15	2
6	1129663	G	A	172	115	14	2
6	1129801	T	C	160	118	11	3
6	1129849	A	G	163	119	12	3
6	1129886	A	G	165	145	15	3
6	1130104	T	C	192	131	19	4
6	1130124	T	C	180	117	12	5
6	1130125	T	C	178	117	12	5
6	1130369	T	C	165	114	17	2
6	1130400	C	T	167	116	16	6
6	1130432	T	C	202	140	17	7
6	1130736	C	T	208	139	16	8
6	1131643	A	G	253	187	34	12
6	1132329	C	A	242	179	18	12
6	1133281	C	A	247	166	22	14
6	1133357	C	T	267	185	21	12
6	1133818	G	T	240	171	15	9
6	1133976	A	G	250	207	10	6
6	1133994	G	A	232	198	9	5
6	1134060	T	C	232	182	11	5
6	1134109	A	G	228	202	11	4
6	1134194	G	A	247	189	14	8
6	1134354	A	G	214	186	16	5
6	1135026	T	C	266	182	25	6
6	1135691	T	C	234	193	24	12
6	1135721	A	G	231	172	27	9
6	1136050	T	A	235	202	20	5
6	1136252	A	G	233	173	20	7
6	1136633	C	T	256	135	20	11
6	1136672	A	G	282	133	23	10
6	1136700	A	C	291	154	20	12
6	1137713	G	A	251	168	13	10
6	1137820	C	A	270	170	18	9
6	1139276	C	T	240	165	16	6
6	1139902	G	A	226	176	15	3
6	1140237	C	T	243	188	21	7
6	1140898	G	A	248	168	16	8
6	1140917	T	C	270	161	17	7
6	1141165	A	G	254	152	11	8
6	1141839	G	A	250	158	12	5
6	1142134	A	G	230	176	23	8
6	1143557	A	G	240	184	15	12
6	1143607	C	T	249	205	16	16
6	1143769	T	C	239	197	14	11
6	1144525	A	G	218	214	33	17
6	1144701	G	A	216	220	26	8
6	1145833	G	A	221	219	20	12
6	1146096	T	C	226	204	7	8
6	1146405	G	A	251	187	42	9
6	1146870	T	C	256	185	29	15
6	1147144	T	C	250	193	29	14
6	1148231	A	G	254	197	41	9
6	1148396	G	A	237	203	34	13
6	1148870	T	C	237	213	31	10
6	1149101	C	T	235	196	22	15
6	1149551	T	C	220	193	19	11
6	1150475	G	A	203	223	20	11
6	1150955	T	G	180	192	14	9
6	1151346	T	A	137	107	12	7
6	1151462	A	T	149	125	10	7
6	1151535	T	C	163	147	11	5
6	1152255	C	T	211	227	28	13
6	1152300	G	A	195	228	33	15
6	1152774	C	T	201	210	24	12
6	1153087	T	C	201	223	17	11
6	1153341	C	T	176	208	20	7
6	1153478	A	C	185	219	20	8
6	1153681	G	A	239	71	31	5
6	1153687	T	G	232	54	32	4
6	1153867	G	A	221	206	36	12
6	1155698	C	T	169	218	20	9
6	1155863	G	A	136	188	14	8
6	1157154	C	T	198	231	26	13
6	1158521	G	A	183	240	22	8
6	1159922	G	A	175	194	11	5
6	1160705	G	C	115	169	11	4
6	1161079	T	C	166	173	10	6
6	1161354	G	T	101	118	12	6
6	1161355	G	T	105	119	10	6
6	1161356	A	T	107	119	12	6
6	1161629	G	A	85	120	6	2
6	1161642	G	A	94	113	6	2
6	1161755	A	G	100	113	6	8
6	1162649	G	A	72	111	17	3
6	1162676	T	A	81	115	18	4
6	1162800	C	T	83	114	14	4
6	1163160	G	A	128	148	10	1
6	1163610	A	G	127	171	10	11
6	1163632	A	T	126	165	9	10
6	1164660	T	C	123	196	9	7
6	1165082	A	G	116	160	9	3
6	1165164	G	A	118	176	12	3
6	1166408	T	C	166	270	20	11
6	1166482	T	A	160	249	13	4
6	1166762	A	G	197	203	12	3
6	1166982	G	A	187	222	17	9
6	1169013	G	A	174	182	14	3
6	1169052	A	C	189	196	11	4
6	1169121	G	A	188	203	13	6
6	1169196	C	T	175	212	13	8
6	1173263	A	G	207	234	23	17
6	1174801	T	C	209	239	22	8
6	1175808	A	C	236	230	33	26
6	1177126	A	C	226	241	39	29
6	1182743	T	A	232	200	30	12
6	1184912	G	A	212	216	14	10
6	1197039	G	T	140	141	12	8
6	1202673	C	T	98	91	8	8
6	1214010	A	G	113	154	17	3
6	1217125	T	C	189	191	17	2
6	1218994	T	G	136	198	10	7
6	1225912	C	T	99	107	10	7
6	1227408	C	T	76	94	12	10
6	1227764	G	A	82	71	3	8
6	1235753	T	C	216	197	9	21
6	1242156	T	C	89	90	4	11
6	1243062	T	C	144	138	12	9
6	1245532	A	T	123	106	7	12
6	1253071	A	G	145	184	4	11
7	32597	A	G	225	210	25	5
7	33460	A	T	203	227	32	5
7	35758	A	G	201	244	26	11
7	35914	G	C	181	264	37	20
7	36007	A	G	195	247	47	18
7	36057	G	T	257	180	50	12
7	36067	C	T	258	181	50	10
7	36120	G	A	186	229	45	8
7	36282	A	G	271	184	43	8
7	36352	G	T	344	100	50	5
7	36625	G	A	225	132	31	6
7	36628	G	T	237	135	31	6
7	36631	A	G	337	127	35	5
7	36646	A	T	296	150	34	6
7	36652	A	G	211	173	27	5
7	36658	T	G	201	185	29	6
7	36949	C	T	300	155	23	9
7	37405	A	G	199	177	24	10
7	37406	C	A	197	176	23	10
7	49049	G	A	87	89	6	2
7	60420	A	G	154	165	14	9
7	60601	C	T	125	143	9	9
7	61650	T	A	84	120	11	6
7	66127	C	T	116	132	15	5
7	68492	A	G	156	188	22	3
7	82381	A	G	107	99	12	5
7	84388	T	G	112	144	12	5
7	85330	G	T	117	134	13	10
7	87355	T	C	153	160	13	6
7	102114	T	C	196	211	28	9
7	115311	C	T	192	211	20	10
7	116536	T	C	193	246	20	8
7	121178	G	A	242	202	50	11
7	129380	T	C	193	184	13	5
7	155222	G	T	208	198	15	7
7	165357	A	G	150	157	13	2
7	169956	A	G	112	172	15	3
7	171411	A	G	167	247	21	5
7	171539	C	T	178	270	23	7
7	172677	C	T	155	217	19	9
7	172987	G	A	145	211	13	8
7	183433	A	C	224	184	20	4
7	185661	T	C	233	221	31	3
7	200215	T	C	179	265	27	7
7	210709	G	A	155	147	13	7
7	300162	T	G	156	168	7	4
7	301268	C	G	232	200	11	10
7	305857	A	G	194	209	8	15
7	306198	T	C	213	215	10	15
7	308494	A	G	219	210	11	9
7	314131	A	G	233	209	10	18
7	315204	G	A	228	217	13	19
7	315208	G	A	227	222	14	20
7	318927	G	C	179	149	9	18
7	325529	C	T	186	180	4	13
7	326071	A	G	200	211	3	11
7	326936	A	G	168	179	7	15
7	328180	G	A	125	186	3	10
7	330324	A	G	166	214	3	15
7	334563	T	C	179	250	7	30
7	335845	A	G	170	256	7	20
7	337183	A	C	191	219	5	21
7	347124	T	G	278	187	9	27
7	347491	T	G	216	227	10	33
7	348801	G	A	242	186	8	22
7	349230	C	T	229	184	9	17
7	349377	T	G	223	208	7	11
7	349623	A	G	231	190	13	15
7	350671	A	G	226	198	12	20
7	351428	T	A	217	219	5	18
7	361046	G	A	218	150	3	17
7	378869	C	T	159	189	3	18
7	379031	G	A	174	197	5	20
7	411487	G	A	233	191	15	28
7	422683	A	T	223	157	11	14
7	448015	C	T	157	134	10	11
7	469460	C	T	220	186	16	4
7	473567	C	T	195	200	23	7
7	476602	A	G	205	188	18	5
7	482247	G	A	196	162	26	4
7	492153	T	C	233	189	16	7
7	493226	A	G	257	175	19	8
7	493335	T	C	264	188	22	15
7	500630	T	C	217	183	16	4
7	509033	G	A	200	255	47	15
7	520137	T	A	168	262	22	5
7	526169	T	A	177	218	18	7
7	537185	T	A	192	149	22	2
7	554067	A	T	229	154	30	3
7	559344	C	T	190	196	20	3
7	606760	C	T	158	235	18	7
7	608350	A	G	138	151	11	2
7	610009	G	A	167	156	18	6
7	666943	A	T	155	149	15	3
7	713340	A	G	177	183	21	3
7	722064	A	G	193	185	9	3
7	735689	G	T	193	152	16	3
7	767446	T	A	206	203	18	9
7	768936	T	A	159	169	12	6
7	808308	T	C	204	184	16	4
7	821339	T	C	187	197	15	0
7	828199	A	C	95	106	10	0
7	829727	C	T	91	93	9	4
7	837666	G	A	174	193	15	4
7	860410	A	G	136	120	5	2
7	866854	A	G	185	140	18	6
7	875319	C	T	92	92	8	1
7	932569	T	C	191	144	19	4
7	949719	T	A	178	180	40	4
7	949794	T	A	184	171	27	4
7	949932	A	T	177	207	26	4
7	950253	A	T	129	70	16	2
7	950256	A	T	133	70	15	2
7	950259	A	T	136	68	17	2
7	950283	T	A	145	84	20	2
7	950376	A	T	124	80	17	4
7	950379	A	T	123	80	17	4
7	950517	T	A	115	110	15	7
7	950637	T	A	152	144	8	2
7	963897	C	T	154	164	14	6
7	970131	T	C	151	136	12	6
7	1025871	C	T	150	144	17	6
7	1050552	T	C	198	210	23	6
7	1051098	T	G	196	240	35	10
7	1052491	C	T	201	243	21	10
7	1055357	C	A	190	187	14	8
7	1055442	G	A	208	206	20	4
7	1055627	T	A	193	186	23	9
7	1055661	A	C	184	194	18	10
7	1055689	T	C	182	197	18	8
7	1055982	C	T	211	192	21	12
7	1055999	T	C	209	181	18	12
7	1056119	A	C	178	34	15	4
7	1056211	G	A	161	27	9	1
7	1056216	T	C	153	26	10	2
7	1056221	A	C	140	16	10	2
7	1056333	G	A	158	145	14	4
7	1056345	A	C	170	154	14	4
7	1056356	T	C	175	158	14	5
7	1056357	C	A	175	152	15	5
7	1056368	G	A	195	173	14	7
7	1056429	C	T	200	198	17	7
7	1056493	G	A	203	217	27	6
7	1056601	C	A	216	216	26	8
7	1056715	T	C	181	241	25	9
7	1056717	G	T	185	243	25	9
7	1056750	G	A	189	226	26	6
7	1056753	C	A	174	226	25	6
7	1056767	A	G	192	245	21	7
7	1056770	A	G	198	249	24	7
7	1056792	A	G	205	230	28	7
7	1056799	T	C	200	217	26	7
7	1056802	C	A	204	218	25	7
7	1056803	G	A	201	216	23	7
7	1056814	T	G	203	231	23	8
7	1056831	A	G	190	190	22	6
7	1056838	T	A	198	193	24	6
7	1056841	A	T	196	197	25	6
7	1056858	C	A	213	227	26	7
7	1056868	A	G	208	225	25	6
7	1056889	C	T	206	215	24	8
7	1056899	A	T	197	217	22	7
7	1056923	C	T	206	229	22	7
7	1056925	A	G	206	227	23	7
7	1056959	G	A	205	226	23	8
7	1056966	A	C	207	230	23	8
7	1056974	A	G	210	224	23	8
7	1056979	G	A	205	213	23	8
7	1056991	T	C	204	197	22	7
7	1057000	T	C	209	203	22	7
7	1057023	T	C	231	215	29	6
7	1057043	A	G	236	209	32	5
7	1057063	C	T	224	140	33	3
7	1057064	G	A	220	138	33	3
7	1057066	C	T	223	141	33	3
7	1057067	G	A	219	139	33	3
7	1057074	G	A	210	173	32	5
7	1057084	C	A	214	187	31	6
7	1057086	A	G	202	191	32	6
7	1057119	A	T	218	224	30	5
7	1057121	T	A	219	226	30	5
7	1057158	A	T	192	205	24	9
7	1057170	G	A	185	199	26	10
7	1057179	G	A	204	193	26	10
7	1057185	A	G	204	177	26	10
7	1057187	T	C	205	178	26	10
7	1057188	T	C	203	176	26	10
7	1057191	C	T	203	184	26	10
7	1057251	G	A	196	201	27	13
7	1057308	G	A	207	222	28	9
7	1057470	G	C	202	217	19	17
7	1057544	G	C	203	220	20	13
7	1057560	C	T	201	194	20	12
7	1057564	A	T	183	217	20	14
7	1057625	C	T	191	196	18	6
7	1057630	C	T	195	200	18	7
7	1057633	T	C	194	199	18	7
7	1057650	C	A	176	195	18	8
7	1057665	C	T	189	165	17	7
7	1057666	G	A	186	165	16	8
7	1057680	T	C	193	168	16	6
7	1057703	C	A	205	168	19	5
7	1057704	A	G	211	165	20	4
7	1057712	G	A	221	170	18	5
7	1057713	G	A	220	171	19	5
7	1057725	G	A	224	174	17	6
7	1057813	T	A	204	188	23	6
7	1057890	G	A	219	226	30	11
7	1057946	C	A	202	193	25	12
7	1057947	A	G	203	191	24	12
7	1057950	T	A	211	197	24	12
7	1058005	A	G	212	199	22	11
7	1058033	T	G	214	218	34	11
7	1058058	A	G	211	229	34	13
7	1058065	C	T	204	231	33	13
7	1058935	A	G	204	208	24	12
7	1065843	T	A	233	210	28	15
7	1073164	C	T	219	190	26	11
7	1075327	C	T	239	182	15	12
7	1076039	T	C	239	186	42	14
7	1079596	G	A	243	185	23	15
7	1146918	A	G	171	160	18	10
7	1147058	C	T	135	124	15	8
7	1148344	T	A	170	165	23	4
7	1150749	T	C	183	156	13	5
7	1150888	A	G	221	142	15	9
7	1150990	C	T	233	161	18	6
7	1160318	A	C	239	189	17	10
7	1168329	G	A	274	184	30	11
7	1169115	C	T	312	146	37	9
7	1173363	G	A	225	162	12	6
7	1189417	C	T	195	231	15	7
7	1193605	G	A	200	255	35	16
7	1194057	T	C	208	231	27	9
7	1196878	A	G	184	197	19	7
7	1200973	C	T	173	212	18	10
7	1208946	T	C	144	169	10	5
7	1209973	G	A	159	172	15	7
7	1210097	A	G	167	174	18	7
7	1210423	G	A	164	185	17	9
7	1210531	A	G	166	188	15	11
7	1210574	A	G	155	187	11	10
7	1210624	C	T	162	211	7	8
7	1210642	T	C	167	205	6	8
7	1211098	C	T	153	179	10	11
7	1211197	G	A	139	151	15	8
7	1219760	A	G	189	197	16	4
7	1222178	C	T	190	209	9	3
7	1222320	C	T	166	157	9	5
7	1225903	G	A	126	113	18	3
7	1226429	C	T	140	102	14	2
7	1228951	C	T	96	74	4	2
7	1230049	C	A	127	125	10	5
7	1234761	G	A	167	169	16	4
7	1235059	C	A	113	133	13	6
7	1235306	A	T	135	127	11	5
7	1240882	T	A	169	188	20	8
7	1244570	A	C	175	203	23	5
7	1249220	G	A	138	147	19	6
7	1249945	T	C	188	191	22	4
7	1255902	A	C	202	162	14	6
7	1260268	G	A	187	140	19	5
7	1260493	G	A	203	199	22	6
7	1260643	G	C	209	209	27	8
7	1262644	A	G	179	193	17	6
7	1264275	G	A	203	222	26	7
7	1264881	G	A	172	198	19	5
7	1267786	T	C	144	214	19	15
7	1268667	T	A	151	229	25	7
7	1277813	C	T	200	236	20	9
7	1287197	T	A	145	175	17	4
7	1287994	T	G	140	177	12	9
7	1296479	C	T	73	89	17	4
7	1299854	T	G	94	89	10	8
7	1300306	G	A	82	93	9	5
7	1312184	T	C	66	71	8	2
7	1313116	C	A	105	81	15	5
7	1316362	G	A	149	65	14	1
8	26150	G	T	179	155	10	9
8	28612	A	G	219	190	4	13
8	35881	A	G	223	231	16	26
8	81887	G	A	173	205	7	13
8	132714	C	G	97	74	7	8
8	164962	G	A	220	190	10	9
8	164995	T	C	238	187	10	8
8	165019	T	C	237	16	8	0
8	178552	A	C	111	55	6	1
8	182668	C	T	118	100	13	5
8	203744	A	G	166	106	11	3
8	246363	T	A	194	210	26	6
8	299740	T	C	173	244	18	9
8	300386	T	A	92	148	8	7
8	300389	T	A	95	146	7	7
8	300392	T	A	95	148	9	7
8	355261	A	G	195	185	16	19
8	370306	T	A	112	122	5	19
8	445672	A	G	145	160	5	2
8	462119	C	T	85	91	9	4
8	475172	G	A	231	213	22	22
8	476021	T	A	213	208	16	13
8	477170	G	A	202	236	23	13
8	479042	C	A	218	226	9	14
8	481474	A	G	240	203	13	12
8	483479	A	G	211	234	10	17
8	483699	C	T	212	225	19	16
8	493095	G	A	221	206	14	12
8	495313	A	G	225	199	18	16
8	509259	A	G	232	232	25	12
8	520584	T	C	103	99	6	8
8	520880	C	T	90	95	5	6
8	526923	A	G	221	221	23	7
8	527228	A	G	192	184	22	9
8	534633	T	G	187	205	16	8
8	542194	G	A	166	212	11	5
8	546395	T	C	90	94	7	2
8	547410	G	A	98	114	9	4
8	554879	C	T	81	83	5	5
8	556808	C	T	140	129	16	9
8	566065	T	C	162	227	12	12
8	575867	C	T	192	188	24	10
8	581205	G	T	202	199	8	10
8	587594	A	G	96	94	8	5
8	606856	A	G	223	216	11	20
8	609986	G	A	156	153	5	16
8	615371	A	G	216	200	11	23
8	620887	T	A	129	162	4	11
8	621512	A	G	131	145	8	21
8	622369	C	G	160	154	8	24
8	622463	A	G	165	156	10	17
8	623688	T	A	105	134	6	14
8	625101	T	C	173	156	13	17
8	625950	T	C	123	111	8	6
8	626077	G	A	111	124	5	8
8	626100	A	G	117	128	7	7
8	626480	A	G	112	145	6	12
8	626535	G	A	102	144	6	13
8	628826	G	A	159	198	7	17
8	629218	C	T	174	220	12	21
8	633354	C	G	131	165	9	16
8	635130	G	A	172	221	13	16
8	637861	C	T	219	212	16	27
8	641817	T	C	216	241	12	22
8	643053	C	T	225	213	13	23
8	643370	C	A	217	194	10	17
8	644876	A	T	243	171	5	8
8	645315	A	G	238	197	6	18
8	645539	T	C	250	203	11	26
8	645723	C	T	226	219	16	35
8	645821	C	A	232	203	16	25
8	645946	G	A	251	205	14	28
8	663609	G	T	210	186	10	20
8	672421	G	A	182	202	6	12
8	674383	G	C	191	209	6	11
8	681613	G	C	155	185	5	9
8	695441	A	C	132	119	7	10
8	698252	C	T	162	190	8	18
8	701727	C	A	132	138	4	14
8	703707	A	G	191	205	4	13
8	706200	C	T	184	221	5	13
8	724420	T	A	185	122	10	9
8	724426	T	A	186	126	12	10
8	733536	T	C	173	229	6	13
8	740270	A	G	205	238	12	33
8	756899	T	C	174	128	10	11
8	759577	A	C	110	112	5	14
8	766409	G	C	205	188	6	18
8	780115	G	T	225	164	4	16
8	783560	A	G	130	130	4	17
8	783617	A	G	163	148	7	20
8	786426	A	G	112	94	8	10
8	789174	T	G	103	116	4	12
8	805928	G	A	225	209	7	19
8	808851	A	T	249	206	10	15
8	811629	T	C	188	169	9	15
8	812954	C	A	149	151	3	8
8	814167	G	A	138	127	3	18
8	818732	C	T	126	123	1	10
8	828248	T	A	225	190	8	15
8	828453	T	A	192	158	10	15
8	830758	C	T	228	184	10	28
8	831625	T	C	224	191	6	18
8	836332	G	A	237	172	13	10
8	852203	T	C	154	124	8	19
8	853182	G	A	170	172	6	8
8	854358	C	A	215	183	11	16
8	865009	G	A	171	167	9	19
8	874728	C	T	190	173	7	13
8	877940	C	T	222	200	12	24
8	878600	T	G	162	212	11	9
8	883570	C	T	203	197	5	19
8	884132	G	A	56	40	2	4
8	884617	T	C	162	165	8	13
8	891449	C	T	123	120	3	7
8	892813	A	G	124	89	6	15
8	894661	G	A	110	100	8	4
8	897276	G	A	86	98	4	6
8	897725	G	T	88	114	4	9
8	904709	T	C	155	145	13	10
8	907220	C	G	139	155	9	12
8	908358	G	A	218	188	9	16
8	908971	T	C	141	155	2	13
8	912569	T	C	216	206	10	15
8	919875	G	T	127	131	3	13
8	930103	A	G	158	166	13	16
8	944277	T	G	140	160	9	12
8	944352	A	G	157	180	8	11
8	945822	A	G	190	186	1	14
8	951945	G	T	137	160	12	12
8	952184	C	A	152	139	8	14
8	952484	G	A	188	211	10	13
8	964783	A	C	167	176	3	16
8	966913	A	G	193	231	12	22
8	970433	A	G	211	198	7	24
8	975871	A	G	161	166	12	12
8	979720	C	T	172	200	6	11
8	979860	A	G	148	166	4	10
8	1001137	A	G	115	137	4	12
8	1005724	C	A	165	176	8	16
8	1018603	A	G	242	194	10	14
8	1019097	T	C	249	180	13	15
8	1025503	T	A	218	178	5	7
8	1026391	G	A	258	145	4	12
8	1031304	G	A	228	203	8	12
8	1034063	G	A	250	179	12	26
8	1040035	T	G	152	160	8	15
8	1040541	C	T	164	179	6	13
8	1041700	T	C	113	145	10	8
8	1042258	A	C	122	183	10	13
8	1045891	G	A	84	128	7	5
8	1049169	A	C	171	242	7	18
8	1050998	T	A	160	217	9	15
8	1053000	T	C	153	196	6	22
8	1053075	A	G	165	223	5	25
8	1053158	T	C	167	241	4	18
8	1057093	A	G	186	212	11	24
8	1058585	A	G	146	150	5	12
8	1063663	C	A	155	161	7	18
8	1070238	G	A	100	72	6	13
8	1070455	C	T	131	91	4	3
8	1077854	C	A	248	163	3	15
8	1083743	G	A	217	38	17	2
8	1090645	T	G	216	187	13	11
8	1095126	T	C	199	177	11	26
8	1096950	T	C	166	182	7	7
8	1099591	G	A	198	192	10	19
8	1150042	T	A	141	134	4	7
8	1150077	A	T	143	124	7	7
8	1154740	C	A	168	185	9	9
8	1232237	T	G	268	198	35	6
8	1238422	T	C	147	152	16	1
8	1252306	C	T	160	189	12	0
8	1252793	G	A	200	195	10	3
